N,P,K,temperature,humidity,ph,rainfall,label
64,23,45,32.31337320422333,53.781195250394724,5.206903336521052,805.9019693701523,Onion
40,38,48,16.939760603183785,55.92106350448597,6.897215406248393,277.1207725391305,Sugarcane
58,73,72,42.62984162491981,65.03919392918431,7.576335595725808,653.7865886122513,Wheat
73,38,41,35.648749525001335,64.03259086710588,8.193004250285968,395.6852109234912,Rice
82,41,69,43.59768642557421,65.19859718006134,8.065731555644087,544.8076542590679,Onion
132,40,57,23.74208512040161,86.19740729196513,7.771739833887053,659.7989399096474,Sugarcane
37,67,48,30.99908889937337,36.219319281727984,8.414915195809925,984.4825773305598,Soybean
68,86,40,40.984838810848096,66.04780464169812,6.373918252271764,806.1815391549576,Sugarcane
122,29,41,15.333809491141391,59.14580127172305,7.547666826019196,336.8524573259942,Rice
86,28,67,24.40825403476163,59.043971416422764,8.042711538988819,699.2856023847586,Maize (Corn)
69,83,78,31.691273912900048,64.56513795548324,5.610934732220559,123.36379610647373,Wheat
32,54,53,15.670105504888815,58.5971141604948,7.073048352869367,1092.3278571327146,Wheat
68,53,20,19.4041093506217,53.40362982845393,7.356002924236127,122.43318397749121,Soybean
69,58,74,39.45378339311928,75.21146187433965,6.662656815126596,525.4751238255992,Cotton
56,90,77,36.361973364618436,36.04495433810298,8.299300131721496,492.78600937002,Cotton
109,55,64,18.754484824941827,77.22913332841787,7.687695222089325,835.0995545143919,Cotton
145,26,71,32.47514133203917,42.13294492460619,7.091812120586775,366.54022130431423,Soybean
125,60,22,40.06470690005795,47.46205583947744,7.443757483532586,629.864897024305,Onion
95,68,26,17.330650029113333,93.4243808713716,6.554287957157667,1102.1854397701331,Cotton
29,77,24,34.953703223107944,79.90881499047228,7.090631103812299,799.3193176074546,Maize (Corn)
146,76,28,44.239118195155065,60.08284842885716,8.444867278024773,228.77802856056522,Cotton
42,60,46,41.263000281469274,35.8702930825794,6.850244347172179,816.3600544598669,Sugarcane
108,88,65,26.044343040456514,67.87071265102519,7.839078659486504,1050.498935296955,Sugarcane
120,35,31,44.01429272352214,34.4054544569163,8.343575579543902,506.02294707259733,Onion
51,98,57,39.3272307120986,55.66243701983956,7.549605923280734,888.7771295803708,Rice
127,29,36,24.126052777472186,71.14529096972356,8.359799402308214,749.5596833788887,Sugarcane
141,78,60,34.18053981611494,82.51528829700672,6.788765112106542,62.64189542539535,Cotton
127,34,72,33.57895732192779,40.26923642198098,6.983710426345985,469.5753586139325,Soybean
27,29,74,35.48075081036746,89.24893813852378,5.751795867224178,519.7428032004946,Cotton
148,59,48,18.283220557505775,39.845752410991814,6.728795544196956,434.96880378534746,Maize (Corn)
102,80,73,41.47131426176216,89.95742307263288,5.934097391237154,114.30912049159788,Sugarcane
35,69,43,41.00967905372835,93.65137636139318,5.55414370018954,177.26236437309836,Maize (Corn)
48,25,47,40.07737649964489,76.52814055507366,5.837612790834358,290.13660409649935,Rice
146,25,78,17.27206541744558,92.4524491153358,5.302404101159101,181.58546592705414,Onion
39,65,47,37.10287702149028,53.2431701473961,7.234521651377451,296.4765102498583,Soybean
43,68,42,30.231719973823303,71.31411323739692,5.241859879295674,490.12648752778813,Soybean
104,94,25,34.012832476846384,42.429604298029815,8.251285721325287,257.54799586586034,Cotton
125,84,79,27.723530370172433,53.52501647137745,7.129764915339798,679.4359146234253,Maize (Corn)
113,84,57,17.975178731934975,80.3584949962499,8.200607758484484,557.5517762657782,Sugarcane
123,27,28,40.93879459893161,69.44175826285607,7.3170397131388025,917.8200377610061,Cotton
97,74,22,16.38377050007057,31.675426980266128,7.2032650701118754,340.748590825773,Cotton
128,37,47,19.832379001435104,32.43694718994345,6.510608924173749,402.3219396931999,Onion
136,95,20,30.38977203168712,31.281686964026644,6.429963972831938,752.8610064989152,Sugarcane
130,87,42,27.52612637474411,88.15474421132276,6.22980907523232,913.6110464649785,Maize (Corn)
141,59,51,44.583154789759796,90.72212027695079,7.2692336916772335,471.005170713332,Onion
117,46,22,15.14086732750357,45.190205810433795,6.884328496937088,68.75926502322078,Sugarcane
92,75,45,20.088740616441154,65.0575338851155,5.557377347078917,94.1086054384867,Onion
65,78,34,30.500578172547534,92.36374425890878,8.18082883108156,410.83574135120466,Soybean
70,94,48,28.543415947362107,47.25111810903482,6.096323623276309,476.41727621631804,Sugarcane
102,74,26,42.87918224051346,51.98442499877472,5.6706803633849825,250.1159174886914,Wheat
51,71,66,24.10865589799881,88.31286953176274,8.072642382001003,756.8275579884202,Maize (Corn)
58,37,34,36.53326192982913,80.23485889486348,6.2830991497787,77.43243201690608,Rice
39,93,61,30.244780669811252,40.24187180861047,5.187785047439722,903.3825761991123,Wheat
108,40,73,39.1295775369396,89.50356220349495,5.261823669146801,948.1359857432146,Soybean
123,31,21,39.30388286497572,70.05851744491372,6.660913889920904,184.48292588072408,Maize (Corn)
125,97,71,35.15336034631564,51.5471122089724,8.08468267548471,935.1045232367882,Onion
130,70,67,38.34330527957161,81.48318945762198,5.346026855757743,840.1307392624357,Sugarcane
73,54,23,43.56272312844571,62.1686322567819,8.245001952367787,447.8885353315606,Maize (Corn)
143,98,55,20.432896117555323,38.65068555006104,7.5305193273857665,545.4573623408883,Sugarcane
20,28,25,38.6315782215419,61.49186171983085,7.975177564249945,1106.301429836869,Wheat
22,96,21,39.360155824546844,46.48476835724847,8.199375702588883,738.6322292257428,Sugarcane
100,59,35,28.389319449376906,85.42734545552295,6.086160088430089,591.2076084765179,Cotton
25,69,64,17.891682185139366,56.037524372799226,5.859601124301732,810.6885315329432,Maize (Corn)
73,29,38,39.46003966287188,55.4415275300469,6.01985273743473,612.3271656085332,Cotton
65,38,48,15.918679471371979,41.73895118725308,6.613005040198223,410.47397816904356,Sugarcane
47,60,68,18.38807071661946,49.74399732406427,7.398854943858895,257.6258349823654,Rice
123,44,35,18.149031736930716,76.71259641493727,6.799841420534831,327.9679855689538,Soybean
38,40,62,23.549237173772617,87.16739890348441,8.386980782644427,929.2535716332038,Soybean
35,66,21,31.87441063361439,85.22461899304892,6.8254869757952426,497.0786503806762,Soybean
85,82,39,23.399246854198086,50.346691235400364,5.121288122299267,756.4841610235368,Soybean
59,64,39,18.417237942881933,71.66580638743618,8.008131902634686,334.5522884435434,Onion
55,53,66,15.866530760478133,77.29549423788626,7.157625520498742,1114.1604111601084,Wheat
66,58,79,15.73624037948875,66.62070614411834,6.216772028744142,798.215613414416,Maize (Corn)
97,53,37,17.698717535285777,62.470871180733766,5.790480176246731,1170.7438535226856,Wheat
79,38,40,21.089118362603315,71.27505514866863,8.224159752473053,580.6947978667985,Cotton
85,89,37,24.207492029869,79.059092777487,7.893953108790826,465.91597571064995,Maize (Corn)
57,99,48,35.12466142930383,49.88861288813112,7.858500732153686,602.9177246770246,Soybean
109,33,26,19.024308913810806,57.025274166313736,8.39545204567479,185.21932736461088,Maize (Corn)
133,73,75,33.75409229955237,32.9886321169354,5.61440437160015,225.63188733610164,Cotton
115,50,45,22.37310512519391,30.639798525606587,6.909769094102012,345.3805003183756,Maize (Corn)
104,59,78,36.99731255257164,85.1073398697427,6.672949557806322,775.6125059173405,Maize (Corn)
25,45,63,27.70638204798459,43.553454752417736,8.11779595602045,954.5911248647881,Onion
51,59,56,23.269237207322604,44.86263798868295,7.646144494764577,914.3729966295114,Maize (Corn)
41,30,34,37.56769301668824,83.90653004912299,5.246205789068625,738.0845018821847,Onion
64,26,56,43.00023292459229,47.34858868607216,5.066901194807776,168.5400145433536,Cotton
50,37,49,33.429979838297776,62.16232971298325,7.064713790181555,131.3887502583996,Sugarcane
85,62,34,25.99435425782808,61.91385604562197,7.226842765969715,560.1741458283674,Cotton
134,67,20,23.944811416742752,40.48093167171136,6.4149330130206,868.6523005022426,Soybean
149,59,46,16.538964492760734,73.75328196923671,7.466681205167637,941.7127148295989,Cotton
69,38,56,41.90518307393445,93.01565419087953,6.708894629553119,1038.3194954362066,Rice
101,33,78,37.74862253112512,37.28637383289224,7.456458407409999,535.834163835065,Cotton
26,63,69,39.90543971588842,74.03783027133122,7.505630024333735,259.56893681413635,Wheat
49,65,34,30.752093078869223,90.98128230472511,6.357812661325673,979.7787454074651,Maize (Corn)
67,54,25,35.117427108636704,64.2542784987303,7.547036488284174,314.83766660924294,Cotton
20,96,63,39.642960975112885,49.245375846875376,7.534556293210635,777.4431104387388,Wheat
43,37,59,27.2112152791061,70.72190208166532,5.8482797017991555,1115.642378481191,Soybean
128,54,64,18.58818225992723,34.00725236656096,6.679853352401125,628.0614052331582,Maize (Corn)
102,28,58,25.36539373960749,33.23112228745715,6.295429984636005,413.10341959400193,Rice
117,79,72,18.429616060784557,62.62297447708136,7.783668863679384,491.0948163573478,Sugarcane
105,32,49,34.337899628077516,45.925205462979136,6.122822702074913,256.9471084516132,Maize (Corn)
84,43,40,36.46757056229879,77.03437823948543,7.78073153894317,701.5276937340676,Rice
36,82,61,24.78665574074198,83.39759413641285,5.7444545093716775,969.5240995200738,Onion
31,93,26,32.34681221386535,83.55791423228587,7.846116748935659,345.11000407910683,Soybean
140,38,62,44.47941877623337,82.97551400485405,6.769317383262439,447.54956955229613,Sugarcane
123,22,73,22.39096143907154,53.19989010885783,7.293822514858255,939.6849952938665,Sugarcane
27,67,30,36.28658805484891,33.1004952909516,7.92863090681886,166.48964022620612,Onion
128,99,48,44.03171156571476,53.32449677449149,7.713897379365779,551.0876038584149,Wheat
29,50,24,34.4972534271595,33.331504134355534,8.32158600082029,1055.9556136336887,Rice
70,58,74,38.632976276434306,53.51213862106236,5.2320035519845955,949.9915297873401,Onion
54,63,77,35.9598368203978,37.1758167468477,7.165160397451359,1190.0909752219072,Wheat
118,98,29,39.54556647896872,36.65551222447993,6.61116466720246,903.178819000542,Maize (Corn)
98,74,27,35.28744617980962,52.22419901005047,5.89979266007034,228.82594573875613,Wheat
104,36,54,29.83730446517957,33.84299068827742,8.190290178466526,612.2841032222244,Maize (Corn)
110,84,57,35.7333774130002,74.23812893905881,6.771712928708775,142.43775195969613,Rice
38,49,75,15.79706073109642,31.15731027709743,5.548722651522608,194.22280385050982,Wheat
149,67,50,16.03308311369315,59.56641862010853,6.556328578283239,887.226516043925,Onion
95,90,29,33.265992861528446,50.507098026285945,6.3775469125102795,440.0433073612468,Onion
67,92,31,42.461002033917936,82.95385917159882,8.440052269037231,507.7839775049293,Rice
101,47,28,32.571315550738476,52.008611529211294,5.084757475101139,68.88659667546018,Sugarcane
66,47,44,15.909778353909886,92.4575335214983,5.294683306113731,809.214670884775,Cotton
85,29,45,25.66711368089387,89.2937131345214,6.907728267104901,125.06918520023272,Onion
58,95,39,26.86722206654742,57.155730119908704,7.819576053686273,277.9762110067429,Soybean
141,71,44,21.192934362505433,66.28655652974098,7.438862397155107,157.37962346520965,Wheat
39,26,71,34.84313075551167,87.2554627534518,6.2185438631014085,270.9720503364365,Sugarcane
112,79,79,24.664930795920032,55.149726457903185,7.441489928793144,609.0321994989389,Wheat
80,91,27,28.768339577431057,88.40989208714865,6.466995945358105,205.91454110724308,Rice
66,75,57,29.189177418314223,80.7504480917882,6.401169992261067,566.4565941758957,Wheat
86,69,41,37.900166316476934,93.25184936476576,5.793326890374927,175.74363736884607,Wheat
56,39,32,30.422528806513377,57.13662580253981,5.509618214448431,864.8289983464791,Cotton
95,41,23,42.897146012102866,33.86738452371202,7.451046025990978,285.2365759995561,Sugarcane
130,21,52,20.341664551451103,72.94320551837484,8.17368434986067,193.58462095325658,Sugarcane
126,50,52,17.45393031279933,74.19287099354884,7.8258962837330355,934.4168124517976,Cotton
24,99,22,33.82067424882287,55.9475122067639,7.080567159170931,1092.122150527598,Soybean
26,71,57,26.26210210978558,65.4875039162691,5.370431675597356,813.0638762256763,Cotton
140,62,69,36.56700019053629,76.77472189972505,7.94945512082386,490.4921265190313,Maize (Corn)
102,73,79,24.797002135481563,63.250288537628904,7.686431983750982,834.6129458464205,Onion
111,49,34,21.777305521233824,77.40267149801431,7.573053376960327,926.4995473639061,Soybean
131,72,46,29.944150596076426,55.53422225780588,5.917818578157811,882.2447870204282,Cotton
88,49,44,27.291548920684306,41.01324110269545,6.591114062977095,1121.9696139562636,Onion
146,46,42,34.296325852559214,77.14013924225807,6.52018839712574,503.4023416363443,Wheat
145,35,60,16.25951402055664,68.5221692348309,5.635161399224728,459.17870174494567,Maize (Corn)
40,59,37,34.7642550342717,81.5820471981616,7.256336148686729,609.3383815155566,Soybean
144,31,47,29.672586600616693,61.084324844146124,7.561593291115734,81.58304293006778,Maize (Corn)
53,96,55,44.98103944903215,74.37064362076804,8.466944863854597,138.1672914891321,Soybean
68,38,28,44.4645064389287,41.60119066930744,6.28711857122991,793.5376519240971,Rice
96,99,50,33.11407004533248,69.96092419906107,6.744737672290495,1118.642777841465,Onion
83,80,60,38.410191777754,31.027744655305572,7.383551129114853,1091.9923438078313,Onion
42,43,34,21.582863654488296,38.4772470093313,6.77258616643352,250.98277493674743,Onion
124,31,53,28.84345869254465,62.488768479477706,6.828807018042357,437.6822376254314,Maize (Corn)
85,58,39,28.810719183645446,34.16316108696828,6.344028680197283,567.0632301275252,Maize (Corn)
117,27,27,33.228194051375155,44.5015641977657,7.313214940312124,786.450585692078,Cotton
97,85,35,17.35030729723241,58.6337302981198,7.587883955196564,327.3696786158645,Wheat
82,80,39,24.938662928199346,49.600237797102345,8.23263834372757,259.1238916325491,Cotton
52,25,35,38.53184880079018,84.96422239059767,7.772679601775426,1023.8215084034231,Sugarcane
124,74,44,23.68951364639403,56.084862871257755,8.034033910322592,157.13693951758466,Sugarcane
84,44,64,18.190267336047686,50.02893644784769,8.180433333255364,744.5792326744197,Sugarcane
46,31,35,39.979976196011684,82.45543600455142,5.811220207728838,578.4727569943825,Wheat
50,79,26,28.737121714345125,75.3706892305105,5.102351015591091,779.9015473305832,Rice
81,97,73,15.201950244405303,43.19148622681872,8.214544118624172,598.8248730480266,Soybean
37,29,24,24.67226237048434,88.37398526077631,6.179495220664714,801.0941559539065,Rice
83,96,71,23.823713867243548,93.30163087825028,5.586972421008963,325.1881667088946,Soybean
129,42,62,25.999553307666968,77.46525829937431,5.028284787059721,434.98776993567634,Rice
43,95,57,34.272810783774595,31.830411706238106,8.08614236556091,718.5000160850224,Onion
71,80,64,44.890314317792324,69.57344597819886,5.623550196922998,966.7010060635148,Rice
57,82,21,41.80491872795176,52.31581570396605,7.262006687036376,850.6055637322582,Onion
70,24,51,22.945021925821138,90.59532561338503,8.362675013593837,237.33110496598616,Maize (Corn)
27,73,66,38.04606919423368,80.50476750252342,7.044068128175736,985.3973407900579,Sugarcane
77,51,39,28.47887003255657,61.54320568528716,6.1937290597586045,498.44961573509835,Cotton
41,78,21,40.10797319117558,90.0436587016859,5.720286036956481,451.73812224534345,Cotton
119,31,75,19.81018784827587,58.05517333630821,6.919948753352626,435.42852969687374,Rice
105,69,54,32.44171877360808,58.19856367439735,7.050349240741385,614.0500850227129,Sugarcane
137,78,31,40.98862291924199,80.64749056217002,7.235944718024644,528.0137165002507,Maize (Corn)
37,45,64,20.52948657789485,32.788361090445434,7.498329764775194,436.3113935779691,Soybean
104,20,45,34.09137876388153,73.30187900826391,7.443648395129741,657.2925495184934,Cotton
73,24,65,27.45343033850348,32.98371892588602,7.17341614414619,149.5954559444391,Cotton
136,36,34,27.994108852226276,57.8205480014027,6.628840147040139,290.87512759616925,Sugarcane
84,33,26,32.26322122154507,74.29765720752835,7.955998080622414,891.3311828731382,Cotton
68,58,76,44.870181211857705,82.6686778317548,5.132466690100874,705.6651115906965,Sugarcane
98,45,72,32.39857875880881,57.76833131222189,8.34291162950419,399.79458179695126,Rice
54,31,25,24.976969441284197,54.50628395989075,7.092530133295584,556.4442788130197,Cotton
91,34,74,25.669328458528035,84.58981704590943,6.912214645566389,577.6448397175596,Soybean
144,91,50,28.06332083473287,31.28339348292788,7.25548004254566,1026.5894623182173,Cotton
124,64,38,39.23389971652641,76.7705979507073,6.811564125144808,540.2104801202022,Soybean
33,86,31,27.829441310788734,45.90368079845242,8.311363941915978,690.5519888348819,Cotton
119,50,66,25.33178169997644,51.95883422672651,7.106417171704999,60.14486918893758,Maize (Corn)
149,71,50,37.29040630369366,80.00389648278434,8.117019271874868,318.0606745874073,Rice
89,62,42,19.788688674908236,40.39098197245098,7.626563239465272,1068.3226420702968,Cotton
142,74,62,39.31251162922417,39.177449899667295,5.062983845793936,77.19186087983289,Soybean
39,60,30,18.310873888952646,69.86508509383856,7.251353834254254,983.0454616636958,Sugarcane
64,51,64,39.563319012565145,55.41101439733177,5.303075447642856,802.6591549911658,Onion
118,22,43,19.176858195397273,40.390942404506646,6.766583522250112,751.0404241375911,Rice
104,23,77,17.624962971101322,86.64372918252495,7.63389743727478,1154.8950586002709,Wheat
48,91,28,24.91028600772473,51.84388048764716,7.838224646388788,781.9603779762234,Rice
141,51,74,21.382854359729926,74.58328495267598,7.007530477016251,582.5515297250172,Onion
36,95,23,38.39235921376958,58.23649900690896,6.23761536616065,985.7221834365583,Onion
72,41,34,39.466582499747815,72.79382499670794,5.966407072448629,530.5495964035197,Soybean
78,29,40,22.913860401401866,71.51896748710367,7.3246353875929655,615.3034238710139,Wheat
45,33,71,18.883416111580505,79.14370341811454,8.286218286826369,182.55328294060232,Onion
73,71,64,38.25607981958298,80.6760433246726,6.1901024988288045,364.4593393465326,Soybean
137,20,43,17.329254977230345,66.32593675917431,7.184201209375745,558.6055157687308,Maize (Corn)
92,37,49,37.119306564597025,74.09731041169348,5.37512417527907,1025.1265517737847,Sugarcane
113,91,70,35.92192055119287,56.43601648228527,7.090697705482619,603.8423598578919,Rice
25,52,73,30.37973546678596,39.25500169475656,6.014204308707825,282.0092394286073,Wheat
111,20,34,39.67855816039197,93.61031620815825,7.3950084363974256,1126.067385708883,Soybean
60,28,26,24.183518769797196,45.81115803901666,6.402634207358977,873.8578871247781,Cotton
131,24,48,31.744388162082075,36.6387704457199,7.162767475954492,1144.844551517997,Wheat
122,32,23,31.082860227247778,80.57252782645875,7.598145431296123,541.1349712952934,Maize (Corn)
142,98,76,21.232304114480094,35.62137984745952,6.811411785384001,66.00006825463242,Sugarcane
62,63,20,33.60816715214662,69.82931366660138,5.690170997342259,560.1280062407699,Maize (Corn)
95,83,29,34.9967467192548,83.42853886293885,6.437171411352345,1199.1672614678519,Rice
131,49,78,41.66922603215512,70.29550687922253,6.988230321081778,346.02199253300313,Maize (Corn)
90,70,42,18.33411502997917,35.68769770162931,6.650355760862861,553.8935821206837,Sugarcane
44,71,76,28.66002810333064,62.15730582497082,7.625903976753081,85.68709534600981,Maize (Corn)
136,40,31,31.5236776626352,61.9233335889044,7.930791818323524,82.8999456170319,Onion
120,46,64,31.84786580746805,52.67138385115753,7.602644994122195,929.9730099540399,Onion
35,67,55,23.310105747890894,36.22319653058814,7.6618276670110745,516.2288161922997,Soybean
28,35,46,34.02522505148184,71.92376525921583,6.498686091454683,499.6712985637863,Cotton
145,53,29,24.688759873193646,87.47838030433587,6.080443534722834,572.6114946895491,Onion
88,97,64,28.479161824521995,92.73324866698039,5.125386696967111,579.3601154075247,Sugarcane
87,71,66,18.866431899226992,79.81451565522116,7.91031480047421,149.3539476200702,Onion
136,66,77,28.18937550559711,71.57164653680543,5.805192068522359,994.8359468893756,Wheat
59,61,46,17.12007363017998,66.23819270016064,7.138886825877744,546.5890106344993,Sugarcane
46,77,37,33.54184958852734,74.96851394796731,7.984912698395471,953.0220717892271,Soybean
28,78,46,21.615782786128396,75.0837414286994,6.975316663494091,197.59370308527429,Maize (Corn)
99,82,76,24.771527019591318,73.93736264628005,7.2819838904603,268.3217806748904,Sugarcane
21,43,70,28.099579652476315,56.55019985886325,8.251857763055751,1118.9151070373732,Sugarcane
70,49,20,35.47549044425567,32.46264061709109,5.311817081429529,237.90347529897406,Onion
55,89,70,34.79577229314002,88.20988161698101,5.641372185013182,633.6409156049317,Maize (Corn)
88,23,50,39.406072880314866,69.32577100342726,6.299677293633884,182.77784261480193,Onion
45,40,59,22.971478789927318,74.31619139815939,5.099965054389035,475.02207033965647,Cotton
88,92,57,28.72340040545976,88.75728532671619,7.420825407718246,115.91494597838516,Sugarcane
127,88,31,21.22998481698373,46.84660123979153,7.8807263040084745,441.42434954993047,Maize (Corn)
118,84,27,17.348374921537555,83.33634250204696,8.1989772860996,449.3864278932922,Sugarcane
33,45,21,26.73566485998943,86.11051780601315,6.4551387578373145,916.003220141097,Sugarcane
83,51,25,21.011728628367372,74.28335085129831,6.991044252081464,685.9273734078366,Cotton
26,62,71,41.00278525036018,49.2912306455023,7.33929037080294,157.70943746310945,Onion
124,97,51,25.62344055936631,62.93307061253527,5.827480846095408,936.7329224052215,Sugarcane
36,36,63,28.640357517291193,87.5132537057003,6.476979658474002,1189.6194831343178,Cotton
108,32,41,43.724681593264464,91.46138354693849,6.561003182304033,771.7409492781707,Cotton
113,58,21,40.3921561907308,38.35971442051686,6.259936340627592,745.5255961957378,Sugarcane
123,46,50,21.675547732578725,61.92151632744407,5.0987815914631,1172.9520779104569,Sugarcane
103,80,45,35.87923534639242,50.46297863233929,5.672346570811686,161.315117565303,Wheat
40,90,31,37.46853546495727,58.59578512493712,7.7582901892250105,467.63914229869476,Onion
142,67,56,15.113826085951322,73.88886102398183,7.373825665254611,929.8472766756147,Soybean
50,44,33,36.87597334882993,48.49799516946743,6.046953412686217,136.74799557758226,Rice
91,79,37,43.578197990376275,89.67719643834775,7.608206775928306,985.8888055873074,Rice
131,43,48,39.12020161247912,35.21132025730265,5.521861526647041,215.1136958802402,Cotton
23,23,43,31.221020474963186,94.26139609996947,5.205692466305976,200.9874790435094,Sugarcane
35,41,21,17.55270555234124,38.85540226644822,5.199110402656625,517.9575542110397,Soybean
100,35,69,23.398084038571543,52.5899617446657,6.430532457647556,507.5816920665423,Maize (Corn)
112,82,31,16.264244438620004,60.928930972369486,7.9007251763766355,165.10192277306137,Maize (Corn)
75,76,33,16.098188621192417,54.61707047058955,7.415067641755786,96.95609124851771,Sugarcane
71,82,31,16.703007163411716,93.82846643983277,8.26462258813629,392.5578806127791,Cotton
76,31,48,40.00013687383187,46.36107828231499,5.112363397652768,1078.1247405944212,Soybean
59,65,21,15.756686648756427,68.7634714588338,8.349586173310492,1061.6324361135428,Soybean
148,92,48,19.33874916834493,47.199319154456234,6.5371440558388585,773.2320485835238,Soybean
58,29,49,35.644988819809726,59.618127235391235,6.185485249915109,543.3036374729747,Soybean
109,21,53,19.282038571360534,31.060478399547605,5.205119490445859,118.6296827017017,Onion
87,63,31,42.5293437610895,87.06929119841143,6.082523649091625,286.202341512168,Soybean
109,37,53,27.452328841603308,70.4862043025978,6.847468700294039,549.3282166705474,Soybean
82,42,56,34.455254936008686,41.620740036421495,5.279665357978009,1178.7318037682405,Maize (Corn)
135,74,79,28.59078900837855,50.82961866909129,5.4372067576182,891.1808370950297,Soybean
83,46,27,25.934553872705223,42.82386704288055,8.044450246850166,839.5132354106134,Sugarcane
106,41,52,29.084245977158368,83.71395168568947,7.6654684868731,462.55534557996623,Soybean
136,59,76,31.246480284869406,67.63324555030457,8.023979826912603,223.5234303333439,Onion
42,92,31,38.438490549063886,49.09738117955588,8.203627401410245,401.1157162597284,Rice
35,44,79,20.943124553259125,37.005874508948104,5.096099443438053,134.72242152638654,Rice
117,27,43,36.1118044875972,81.97297835448815,8.159971366551156,445.86474325505856,Wheat
142,63,44,33.458952449921924,76.60887422762947,8.361164328007101,1069.1799029917793,Wheat
126,54,21,32.729790549960725,30.92314987833168,6.611924331828549,682.2221602189787,Onion
48,64,59,22.154963479419116,53.05560402947552,7.428394713868103,1195.1789051144947,Rice
120,27,53,25.687774929701668,72.28672645752812,5.03208428198944,338.0645787294024,Rice
136,70,65,41.80867404403883,30.171145943508556,7.657605857442285,587.9700624541766,Cotton
73,42,46,26.606548793401416,82.41524679581357,5.988686665123936,94.66711732159249,Cotton
122,40,51,38.152595843853135,67.1323204522457,5.007776225953145,462.0232985596364,Wheat
114,88,29,36.39353793669355,79.41899943936892,6.706703329182413,118.16867040816089,Wheat
23,57,43,39.13277702981917,77.86124681336427,6.041810319382359,1050.2884527672668,Soybean
114,44,74,23.971488070253763,94.9381412454259,5.518140209551226,136.76442321060648,Rice
99,57,34,22.032756419452717,34.544688156034,5.228622444220667,664.0850382542969,Onion
53,80,48,31.549334182759022,93.75432013675092,7.509825670673486,468.8062427007485,Soybean
125,58,26,22.105986828030293,93.56236238709496,5.630037142382771,631.1849391789565,Soybean
58,26,49,33.0908893681713,52.42274121187007,5.93610579971455,882.1351773827963,Cotton
77,39,77,19.550152626414285,87.85290017963698,6.1152133060479095,498.24963885762804,Cotton
39,88,75,34.541399853983634,76.49133498648371,7.607029228918419,750.7266868999781,Onion
55,89,77,34.27958287952231,86.85592193351792,7.343716172697327,178.2896088822377,Onion
105,94,72,41.496697451518514,42.74562743586214,6.859948736759293,345.1557613357855,Maize (Corn)
71,85,75,43.57011981160772,67.02531305094612,6.507088412518124,304.4576943272354,Soybean
98,27,54,27.2210725482532,68.25275186524357,7.334483685300447,755.6702469671076,Rice
65,79,45,32.170655393636686,57.870408291345996,5.930271421056078,1078.0452054895716,Maize (Corn)
32,50,38,16.94406006307473,70.3821277601989,7.497501281242891,972.8102289703502,Wheat
45,46,48,23.619262086361758,86.33213597039381,5.577239990758524,921.3177732363005,Sugarcane
117,85,29,21.352619211646697,72.95223135558876,7.259605723897307,884.9984757822407,Cotton
132,69,75,24.15933746534143,46.619103649516575,5.377121238233914,619.6820396147988,Onion
99,91,51,26.597229626806808,58.18399632206825,6.679607004337912,372.3230523256203,Wheat
101,70,42,15.271241786213974,59.3738581202953,6.625707837147833,860.0019663990606,Onion
64,39,55,28.26384202014391,68.28611887126473,5.700481618221974,879.7848063246729,Cotton
61,35,46,19.379252040373743,81.94591252430364,6.323306187721367,547.6511956143077,Maize (Corn)
139,57,48,37.293145542720566,50.970242474640145,7.299645693298073,356.2409907858953,Sugarcane
59,36,26,42.31530375481726,34.59410894079439,5.495794565189101,945.185885678854,Onion
21,93,68,43.69643587267798,88.61942573905735,7.414499982640117,923.7650066550195,Soybean
113,79,58,39.71055471196654,55.01186216876516,8.061169006075726,595.5577826063359,Onion
69,34,67,15.711342823596294,70.69951946198094,5.818879884485575,893.8739202493146,Rice
58,98,39,36.194955996145595,82.15598710516394,8.191101489381271,605.6540322370155,Maize (Corn)
76,97,67,27.84026932091573,75.51109137693057,8.078198575694396,513.7663206357514,Rice
46,74,37,38.059481427959454,90.9908832996008,7.679082409166619,693.3240222022874,Cotton
62,42,64,33.67836060469163,34.56532472902758,5.271420397251505,723.354756001852,Wheat
35,21,21,28.44079345383128,65.15675270237729,8.026153167051946,934.8434272895499,Rice
75,53,29,39.493860538806345,82.87039963463806,7.0648025892706166,877.8227415465594,Maize (Corn)
129,87,51,40.47415969189274,68.06849766732806,7.226962557472488,385.07658236565766,Soybean
114,41,61,17.21612040611624,63.83846651894652,8.039029147249988,1073.4894723078746,Cotton
141,29,27,33.411551464326195,30.950014993062773,7.926049065400922,359.29036965249475,Soybean
138,21,32,17.673406040825256,40.769808737786676,8.243389454712887,904.730047226666,Cotton
134,68,40,21.775501114173828,89.8393561832708,7.592510139454713,138.65618859178574,Rice
101,45,46,28.13254079623481,33.21415828109565,7.136915731372046,483.23788414726835,Soybean
39,43,75,30.161396941609357,42.56924644590757,6.703453110987564,1002.5177593703149,Soybean
108,79,48,16.251744419844755,67.2149559812863,6.493752218276679,1128.9935879685504,Soybean
42,76,46,19.44020877741579,83.68323807374077,8.278006249338905,1091.7455596510003,Cotton
112,25,60,33.12739108112857,69.28944677390997,8.13500555148219,942.07681524364,Sugarcane
54,28,38,25.300705246277126,44.24937513465739,7.21791730893945,519.7078541660512,Sugarcane
106,88,36,38.54974821280422,90.55336635118279,6.5273128236506155,1072.9320555254794,Rice
59,26,39,31.28146422484278,67.48429445981702,5.718772088596134,121.47120014266896,Soybean
138,34,75,37.62217839227662,77.21914284434106,6.653820348160727,1056.3473320225512,Sugarcane
45,77,26,39.92788087725023,73.9373490472831,5.762808254528515,551.686095589889,Cotton
136,60,26,21.99917507473107,33.338394680633094,7.686710551108018,937.4384900436239,Cotton
45,88,62,35.763066178295105,50.432173692155374,6.236887327999966,1157.9448019903703,Sugarcane
31,94,37,20.108528742872707,43.87861445401723,5.062019922530178,435.1401157600161,Maize (Corn)
39,58,48,15.002890764259064,53.93883692565506,5.205352621543164,320.44406188373307,Rice
148,25,20,15.145313354385374,33.803838688136565,6.94399369730047,1198.7050192130164,Onion
123,96,40,22.119757009556714,48.469501928399794,5.959740364467316,615.0368766982973,Cotton
114,89,55,26.380917225162463,77.21935097868062,5.030299960163841,385.6322068932451,Maize (Corn)
50,20,70,42.88061426857254,61.691298127611205,8.324679293658118,69.27282910693748,Cotton
144,23,35,21.598834733825786,87.61404917530035,5.231332076601838,544.8637140041678,Soybean
103,73,32,20.721234766822192,64.52728153911448,8.400619289362897,368.8293885384122,Cotton
41,68,59,40.30470512652575,47.6643123604901,7.257787245715839,390.10933912918995,Onion
124,37,49,19.444070036273597,75.48335691087188,6.441695638842221,152.26200739626177,Cotton
53,44,23,23.97249834839493,30.626407477839788,6.546876257371686,356.5784908716735,Wheat
48,75,32,32.1616518630629,43.293458166028586,8.17816098330628,829.9978590895582,Wheat
54,54,45,36.78114038321533,67.0016062202413,5.164007196914931,894.3196137238872,Rice
132,20,23,39.5393063253717,66.56883403109407,7.874043524504524,571.557721040582,Cotton
91,34,68,40.9861707611072,88.89404684961208,7.0582919221011995,347.1763295862079,Soybean
78,55,40,29.55424042376426,44.689743765576594,7.191608664952768,656.1839993517724,Soybean
144,46,24,24.380519688253084,65.56138899158748,6.672354980746645,940.9911569251225,Wheat
75,22,43,38.2034777048234,33.48977455744873,7.186704413031558,1185.5375713692044,Sugarcane
42,88,25,17.98799393625203,44.55753901548745,5.549389788391856,317.04373427985666,Rice
139,39,28,20.884984800828573,58.586019888563214,5.812845409015693,169.44507217940173,Onion
145,86,56,18.735226693068725,42.047733567818035,6.893468785917757,210.20493732842067,Cotton
93,97,72,44.464679389892865,86.39524274900988,6.478092562617805,395.87102559177265,Onion
39,30,69,44.88008449117329,91.09509902797099,8.195716725303573,284.2760274774282,Rice
42,94,20,44.073411712811314,60.093916725206434,7.280608416621321,228.8377248723198,Sugarcane
148,76,70,37.93567595500063,70.18556961371561,8.44344090745173,529.7005981887071,Soybean
52,52,64,19.896637603405765,87.8166456355801,7.953882159572769,378.7160673944124,Onion
84,58,63,38.16831015975205,58.97984683382268,6.503346620879357,741.8991416282012,Maize (Corn)
131,62,44,23.410792094213534,83.1384261062168,5.539494337272237,380.15641656928034,Onion
27,93,75,39.78561824622065,88.72347264765821,6.998088112014516,1021.041519374928,Sugarcane
118,83,23,24.63473232348363,92.44014682829544,6.468602160961964,968.6963626237847,Onion
146,75,24,35.28273220365767,46.049588240996535,8.120371570900922,463.0769504823814,Wheat
50,59,49,18.85883104112782,91.18928274476616,5.742691411139017,1169.8436529420785,Maize (Corn)
71,48,28,40.026544192667146,90.35631081140187,8.252644639494836,668.5088241418398,Onion
116,69,39,25.595621298701047,52.57394595899595,7.182787207899783,705.9435169868354,Soybean
78,81,75,34.394781486232134,62.18461543235756,5.01124943773181,579.9376869333141,Wheat
44,52,57,20.59008370302414,59.4519294871956,6.334846156520754,307.0156407980665,Rice
137,20,54,26.249242190502443,37.384243027557574,8.109460321659217,978.7588162423422,Sugarcane
79,88,51,31.388784669451326,86.81797317567286,7.5873095236065815,970.2905788099932,Maize (Corn)
66,66,70,42.070168564271185,51.346676821469465,5.243835028004197,701.450632384504,Soybean
85,91,43,36.416714500432434,42.39139176967825,8.000059877394747,378.3685767616522,Maize (Corn)
144,46,28,17.337010773155523,32.71143744940122,5.226160695342517,295.54311100318216,Rice
77,37,51,29.24132199175376,66.31107192646176,7.106365548875287,87.97494848910137,Rice
34,57,34,22.15177923542926,38.51867057771537,7.563978339706649,955.0630997233967,Sugarcane
73,64,51,32.40499582376332,34.08453368783697,6.319431693438555,509.7703118030572,Wheat
40,87,35,36.648280086738396,43.873264661649394,7.649165798708552,993.0080455732176,Soybean
134,78,73,40.04732135650006,56.285222586225814,7.596638891014219,1197.2419193636078,Soybean
78,95,54,43.075455128223766,35.86328711307279,8.086155967488907,506.2134526204569,Wheat
110,78,53,35.948744927029885,71.75278063687148,7.67315407369335,783.7085438557804,Wheat
35,74,60,44.959263324407715,61.33883485918023,8.330320313405034,73.68691533981318,Sugarcane
125,33,25,23.054747389029217,78.05095002616568,7.930457768445603,1095.14787318822,Soybean
52,29,58,35.66809588170405,69.18242478319014,7.673406949885357,624.4232073033803,Soybean
140,42,50,29.701318278621095,60.92837042430488,7.581218561590706,370.5887142209179,Soybean
50,92,40,28.206891242804367,57.503145654008215,5.957523116685565,748.5999722168128,Maize (Corn)
97,28,47,26.866947977441562,64.04458028178169,6.821188280456161,71.08836038831721,Rice
134,44,50,29.558707926777466,32.881547026328846,7.954427137279334,672.4697143953902,Wheat
59,75,47,39.846924762256016,75.34506208531545,7.275928868000365,352.8742606722601,Wheat
71,78,54,42.18817161849637,40.964500251883656,8.147380297158204,197.5613338235332,Sugarcane
33,42,62,32.66372467751863,34.03686624335473,6.793446045650847,628.2105327640946,Sugarcane
112,40,49,18.26650201368734,49.535394522505555,5.196668260955943,869.3923673528589,Rice
108,66,73,37.596054219333794,91.15766461902525,7.498589351496408,493.2721410178791,Maize (Corn)
26,40,68,40.796217771865585,40.54862870052253,6.828489813419743,507.6738187281283,Maize (Corn)
91,45,20,29.58557315444935,60.645896686167326,8.167817688659596,398.7769714906953,Cotton
65,23,61,42.28476442171696,72.38227332455463,8.430472851021667,378.7552921791029,Rice
67,90,45,25.11032693412588,42.88409361497095,6.230870902010796,512.1500278704098,Soybean
143,39,33,37.063076729102605,44.6446627836754,6.67733238305018,324.3623390026398,Rice
94,53,70,16.46676180926112,67.23933156013919,6.853489525148126,1147.806277131884,Wheat
117,52,65,41.543444394102025,58.811255951381,7.656152394038102,886.5875889772299,Sugarcane
133,57,32,22.90016115267555,55.08119112146753,8.095385344229516,1063.9015476376328,Onion
110,63,56,19.135282422061124,38.082280819654514,6.693325399987489,688.4767976290127,Soybean
104,43,74,29.950829916759265,41.97384928844089,5.856531521602646,239.77579134375566,Sugarcane
71,87,79,43.066483413797314,37.18094692841013,5.682322818875426,612.4503465601051,Maize (Corn)
116,69,77,18.76390361493543,43.11248705682349,6.42719105812859,745.937070913455,Onion
122,66,62,41.807077568297245,49.371038004318464,7.347655217850859,162.94254498506962,Cotton
105,73,74,37.38291065055402,91.56587443619875,7.767356177221783,878.2126845100369,Soybean
73,91,70,19.44774886449642,53.59005758570061,5.827421281686956,948.0248500429484,Cotton
91,34,75,34.62727394697801,78.60742509694023,6.2391963141360165,133.29921283280055,Onion
75,24,58,31.65570207282973,41.951236137727896,7.016392214943503,288.9653654103471,Cotton
65,44,42,33.04565289966948,52.18737251315909,7.37626257946,960.5792840645069,Maize (Corn)
93,22,78,40.09785161793678,35.93912343638365,6.10064156785986,559.4934251574452,Soybean
22,38,34,37.977579760683156,35.567569389141404,5.183618490209066,1165.8081281444342,Maize (Corn)
129,44,44,33.02924705706046,82.37487586074329,8.28081350789475,782.8026131179939,Sugarcane
101,31,78,30.479012319827774,91.49787200390183,6.961743197913511,530.1044920656269,Maize (Corn)
136,75,23,20.679149922288055,74.71016101515343,5.763531571335735,1110.408885239417,Soybean
68,29,25,43.921846187947885,37.53190318422929,8.35498983695148,744.3575000955228,Wheat
112,44,33,40.15601844827034,49.29425799676605,7.4156112543793515,1080.6409328540904,Rice
54,36,77,31.18912678824602,85.01600150927669,6.2160715284359895,952.9423005549216,Sugarcane
45,84,59,25.51960228794024,58.43179453762812,5.288777866727868,1191.175956400546,Soybean
44,63,65,21.28108793537764,54.59683684154366,6.644486059456048,586.978674412036,Soybean
96,23,33,40.67178897967348,80.91263063403122,7.490942918482894,1114.6203912290482,Cotton
26,71,47,38.72709844714947,84.08882307480025,6.702420605322458,1164.09336525823,Rice
93,69,64,32.117458197947414,46.56490240745238,7.017942281423171,884.2854931322402,Soybean
79,21,22,38.876006946210396,49.30127370431707,7.358149750571471,437.36442067435746,Wheat
80,37,41,24.073976298430583,87.24684724498067,6.748130790402186,1190.792373226754,Wheat
111,39,68,39.045852119059745,87.76149482087405,8.160346605884573,532.5702374579637,Onion
24,75,30,21.188860261964848,63.8789380146269,8.00592135246087,631.667653479347,Maize (Corn)
48,92,48,34.20089790268714,83.21136270343945,5.619031811955815,1121.6341260021302,Soybean
77,54,66,41.443954180748705,32.64901860000703,5.95089883930076,615.7111977432924,Wheat
47,60,51,21.02062680258482,50.0634081019365,5.138952495264864,606.0980385462478,Cotton
44,39,29,31.84316415507602,50.943767029138314,5.9965301298686935,877.9718837788929,Onion
110,83,21,25.769348113409016,70.16247159480727,6.1317066462946705,1098.248448661455,Onion
144,32,67,17.095118667211654,84.37039564316112,5.809550881041854,593.0425429725375,Onion
73,64,52,37.154012908542725,50.07057453217732,5.729140089995234,760.3072638975574,Onion
92,36,45,25.129133454504142,81.53977885992931,7.825483871702081,667.7606457506228,Maize (Corn)
115,88,25,28.089829253485085,45.840687766314886,8.40525951172874,52.77997723470653,Cotton
36,40,59,33.90286772159434,78.85313110155548,5.083410735172121,287.67678275054675,Wheat
121,96,66,42.96848482668153,43.01346473397709,8.018368413355057,406.4336894462448,Cotton
141,24,70,34.237587521463894,73.20286590109612,7.582998136188635,265.2301836683984,Cotton
51,26,62,24.9204091200264,66.05929753495414,5.168060361540553,654.1527723608682,Sugarcane
48,23,70,36.16703771354307,50.174372343555135,5.1828874063976365,592.4185325206824,Wheat
91,71,48,40.82852259345735,68.17813793131947,8.196371929169983,1025.6048871935905,Maize (Corn)
89,93,39,35.206978462582796,39.92139632182,6.3851612164326985,138.43656633470246,Rice
81,82,78,25.713360063879506,49.58962035493349,7.713200383248841,851.6270633705772,Maize (Corn)
130,62,53,27.49118447388369,41.31472450899048,7.396012830216192,171.60820425510997,Sugarcane
38,56,58,38.43834190283687,81.19759856026093,6.986072948728959,747.3770091848371,Rice
40,44,40,18.93723197955665,62.029189645625664,5.292074226428408,192.3256893324304,Soybean
86,61,36,36.08399427386075,42.87714993740485,6.037273832554062,692.8770033777613,Onion
20,27,41,42.72426124693931,52.45583949131051,5.92803527921567,853.1117160800019,Rice
82,30,45,33.72822336688067,93.21516390894374,6.781467171595502,699.8231547955365,Rice
106,58,61,41.909177102914924,35.82284914571345,6.7354553603266645,478.29870247667986,Wheat
131,34,34,28.22770042721584,79.27512004630921,5.983447815436445,724.1560585025222,Sugarcane
101,66,67,39.097964496057514,72.85166570761982,8.383663690777158,1134.4339295432014,Wheat
78,42,48,21.330224403803694,74.18246133317427,7.426763846499805,460.12554773357635,Cotton
129,71,34,21.488888268349037,45.91253219312276,8.081630788584029,82.74780078327622,Rice
61,42,30,25.879297026529308,80.40171636648759,6.626641391949937,802.8837562023164,Soybean
144,34,22,15.669045151954759,90.48594973345514,6.6619875791337355,920.8470732358442,Cotton
113,47,33,32.98580352028506,44.87585084142539,7.801708226616138,288.72894323780827,Rice
38,21,62,39.117652672602816,76.42064630454084,7.157924691483732,416.92355552242594,Wheat
106,60,60,41.37087724405721,57.566387125233256,7.562031786080356,1092.6028466127138,Sugarcane
90,76,70,15.730828052412784,86.33083173052293,6.885898592052919,573.1113625877584,Soybean
38,41,26,24.851305113446788,54.50456745976443,5.370811457655938,516.91645474077,Rice
94,29,56,20.10293948215649,53.76128551523612,5.625008887355039,471.36164003041586,Soybean
85,24,65,18.22534172771216,54.42613184532824,6.024306639575996,1088.2262211063253,Sugarcane
149,28,66,17.494574332307753,32.74134905627522,8.469342908778794,173.92928165748026,Maize (Corn)
36,37,74,21.681880736360732,83.81823654843367,7.912921120863938,865.2849396719844,Sugarcane
128,74,62,15.276918868774175,70.0127820142216,5.194891941020407,89.2960166601166,Maize (Corn)
106,90,42,36.72109474088245,78.86260719392692,7.004818916852917,925.5185583534768,Maize (Corn)
71,95,33,38.320016735164316,45.9269783914294,6.881701861400792,150.58063245131058,Onion
108,91,38,25.921957649781163,74.72577809251149,7.085094862731444,1074.58192191299,Rice
143,31,69,32.80593908941782,51.876628004769074,6.097238866929432,851.4058427780187,Soybean
70,65,33,35.27591950134537,58.67631041401427,7.4646412699764655,848.2449576531235,Cotton
75,35,29,40.835374862155106,44.9383923653019,6.959323378549006,576.5284221156222,Sugarcane
73,31,59,39.44002086459954,69.7869903214958,5.130945202321133,911.0921867734114,Soybean
147,70,31,34.3407312233028,34.72778352815681,5.95495939484355,1005.3569300189313,Rice
20,28,55,36.61540369313173,42.46014890065872,6.728739454010357,147.8439259574487,Onion
86,99,23,43.21426554045246,55.55925554346933,5.551380095297388,285.5648953572621,Maize (Corn)
143,99,67,41.9368435634076,68.80948295928476,7.011189860502832,611.7158528699434,Sugarcane
71,64,37,40.90257647010119,68.89614991776384,7.845743470401418,657.0359597079871,Sugarcane
85,73,58,36.679339577921354,39.290877767941915,5.525818345695507,808.4689731761225,Wheat
39,94,62,34.34546278290519,44.45755186625897,7.758462342960034,1025.325947081869,Wheat
30,38,26,44.54295848963338,79.2899275400792,6.281229050999639,277.39108770867443,Wheat
42,69,54,44.27927797835223,63.92870377645024,8.402309407644005,628.4480067931365,Rice
82,46,24,15.238587248998902,44.34932365820041,5.854818420039,808.2693838204017,Rice
32,25,54,34.79606227628682,35.672561156288204,6.370247070938131,767.1502832793609,Cotton
46,33,22,26.45706592068953,85.60086456465403,6.707247886533799,87.00550151742303,Cotton
80,71,63,23.121010291316907,74.68105771070884,5.620586127930822,776.8106913268099,Onion
34,45,33,20.221955712626404,90.33509731458267,8.13377010702749,402.4168589517458,Rice
39,70,26,40.94126491260768,35.44704504118555,8.051321346579424,1002.6322878586185,Rice
22,47,21,29.28011866974115,59.585325332827864,6.485440423733928,583.3937728146904,Rice
110,29,26,26.973101485594427,82.98532830577057,5.023682515087909,647.5313319747829,Cotton
80,84,77,19.547843577075437,41.596559622553976,7.0901610995397295,560.4603989974838,Rice
81,85,70,36.07272303951004,40.21743023477072,5.176422656641708,265.1676142064264,Sugarcane
35,71,53,18.741622650121116,86.30433579521312,6.309505592859871,294.084025141364,Soybean
44,34,56,37.193360886008264,38.37768393672609,6.844487619465717,658.8173704695182,Wheat
141,56,38,22.129577770189556,44.04855725339146,5.165199652358885,153.41482173963672,Soybean
97,75,78,41.29641804785074,61.42715900048094,5.290601242772643,594.4194163589972,Onion
119,87,70,30.40434580432463,90.65430138038926,7.499187254820162,717.046026189604,Maize (Corn)
145,72,78,41.48331959936603,43.93554131111499,5.063891070860382,1146.740899818022,Cotton
115,65,62,30.549931278960045,82.30370343415461,8.454479661878944,72.57035525983824,Maize (Corn)
124,22,55,39.144587254351535,45.20142362408467,6.355998914488142,266.25804115530417,Onion
39,99,69,33.59837768797012,39.257304591418276,6.652577393533861,543.3043533672778,Wheat
135,78,78,19.226514076535004,37.642072492912746,7.969154537537327,88.16965310338782,Onion
127,46,63,25.839447148322964,44.015434905546776,6.555190523833253,1092.42062458551,Onion
32,84,53,23.100439899428174,41.56551357677628,6.691613796167697,1041.362796894413,Maize (Corn)
51,82,60,19.466879482039296,39.2461067180722,7.683577182216586,631.5030918953287,Onion
45,82,33,18.07281080344966,78.05075700998077,7.987814402434827,739.3852172963011,Cotton
75,32,50,41.872522230595564,58.621204821942484,6.88344135594996,906.1918527478758,Cotton
148,33,48,26.762733598494826,35.417791674388305,6.804504901960028,1134.0690803275816,Maize (Corn)
60,47,21,32.495422337765916,86.63382905094021,5.383532306012457,536.1907115529116,Onion
69,60,69,33.695093695796416,42.68906157258017,7.493281759034745,630.5128347529544,Soybean
121,25,74,16.74065809981582,52.19533658801254,6.213584007783506,512.4176294636319,Cotton
49,26,60,37.713519565302676,94.97362190050092,6.063601836426228,1198.8783756774444,Onion
128,64,78,40.04410816997914,62.71472082650785,7.507496057538406,831.2912353952169,Cotton
73,79,51,43.873568927231126,45.39986889654138,6.496053959562876,684.1596445696738,Wheat
115,61,43,26.506174899768123,36.139729984244035,7.927549422186123,1183.5081647397187,Cotton
99,70,50,25.10298894828176,77.09980170019261,6.973185333851072,1145.3532221905896,Sugarcane
122,38,27,31.489286373902342,77.39745259913381,5.067992422747104,898.5708554564485,Cotton
51,49,78,28.783239050716844,81.16534438282088,7.6748167287566185,1185.584700836467,Soybean
120,73,42,39.028348720674686,38.677312108790034,7.173883938753325,638.4784631546971,Wheat
83,74,68,30.27436782579276,57.589610816463036,5.014295051336626,315.39766068167347,Sugarcane
102,29,63,43.79102765725403,94.05838576009317,5.171734434254465,641.1927705696036,Sugarcane
44,25,27,15.319693289762746,49.051024426018515,5.430934736901888,1086.1760067934842,Sugarcane
104,37,71,30.32448467143672,30.82244301179621,6.975348210069989,230.818633009383,Cotton
53,27,44,38.884269932276666,42.21502864842489,6.292155885497119,871.4803756886399,Cotton
64,44,41,32.83146964703695,59.90972915244818,7.540264811732211,452.37549073866603,Soybean
79,71,60,26.123112901686483,69.63909720344117,6.898436728987422,642.1475263031706,Cotton
125,75,52,24.98958646931054,49.02707484885853,7.116126431641144,211.12164849931614,Wheat
141,39,38,36.66637905008288,87.28096317147129,7.920582144081296,124.62483662981735,Maize (Corn)
117,57,37,43.483761493574335,92.91752867320608,7.764379310530707,1080.0999218140316,Cotton
122,86,61,34.59750195747166,53.137254582016325,6.346062006171037,133.06914358760986,Maize (Corn)
102,39,34,21.300372230625907,43.180286233030785,7.5710530881672,1004.7266913171636,Maize (Corn)
109,39,40,22.423171317245533,83.86416582852382,5.034736346698724,181.03466720769325,Maize (Corn)
104,79,66,28.399397006706373,70.25456150593247,5.4154111286061966,1139.3860108658128,Wheat
95,76,49,17.696747991638883,49.87578068126844,7.8485598847093865,134.9074998789563,Rice
128,99,77,38.495637118895694,59.004162811476164,7.565539518385387,411.398829818333,Soybean
115,46,76,15.768031291435449,84.39177397585522,6.930774238364954,104.11542296507047,Onion
28,27,74,18.61197671824401,40.90822918184182,7.2699628377779435,732.8810776857891,Onion
148,72,51,42.45949542334231,93.16602279034007,7.284169209009233,886.8320312518763,Onion
65,24,61,30.26137665183145,42.537903204390226,8.13913798597831,1104.0421757439335,Cotton
74,62,27,18.131868277669277,64.99916577222969,6.101355138168062,150.743569744845,Maize (Corn)
122,23,62,33.58986699197048,34.03465991982877,8.182417026955642,1136.5793367628225,Soybean
109,52,48,19.62237018036678,69.00977963440067,6.0388949666615925,229.5976859688598,Rice
143,33,22,38.951407345134726,90.19189166219411,6.4359499037102665,689.583317660027,Onion
56,59,49,19.895819197510516,90.72927278947853,7.117385088103706,801.2160217351454,Soybean
99,98,77,15.706005171403984,88.48375725579653,7.56791384275216,572.6073738129531,Maize (Corn)
64,67,61,15.74081852139127,31.989337003046252,7.4703638858395,466.04963771184043,Onion
91,33,44,21.12927094983479,92.52073078592069,5.034409061271704,802.3322199449475,Sugarcane
101,75,64,40.267865534936796,72.15622973217188,5.342608362462359,731.1303927054107,Maize (Corn)
133,53,32,44.078953133476716,55.565371173460704,7.6056959207737345,228.01588036836415,Onion
131,92,24,22.441012031796266,43.91779651874134,6.083091920443545,1146.2528054120862,Wheat
86,62,67,20.024422171214844,62.66470293838611,5.895648832297343,770.9072536559233,Sugarcane
91,93,40,35.842984947828285,56.68802380920486,7.383109260111189,531.4723068675526,Cotton
117,79,55,25.441998977323124,50.36915226572281,6.985939495954339,847.4652180292522,Cotton
104,46,52,24.803573722827373,85.76381893235617,8.359370398250125,135.51697336791722,Rice
128,80,29,40.993686672451105,68.31418993701064,7.253978860086519,99.4463094611852,Onion
70,28,74,17.524286984026695,40.03914517710413,6.725205093417907,562.8825801083306,Soybean
44,56,48,27.08660067797775,41.05250856547681,8.202505234790603,51.10114852567006,Sugarcane
50,32,24,28.123753048216077,84.57192653897823,7.035850237939363,617.5482803000815,Cotton
63,91,24,19.058763199989997,80.73773534784343,8.137090084083981,568.1453348461096,Rice
22,22,52,40.40173743989322,75.91982988250186,7.083701158590986,584.4283153719903,Onion
38,53,27,32.65191917688816,68.75198826643039,6.614900442597428,508.16716434134753,Onion
110,36,68,40.47451762547773,38.99904020303708,7.388197191297337,347.57807675659774,Onion
84,20,23,31.993264025995355,66.6101074814218,5.768105487679392,681.6040547673582,Cotton
57,82,25,28.04858248064859,74.07115273549266,6.621523976089717,916.4082634243691,Soybean
66,40,41,15.981996657182826,45.84601292982098,7.5227858915574926,1006.5772720318852,Soybean
99,41,50,31.53802772579214,94.22796240155537,8.386444641287676,941.4896567137425,Cotton
58,85,79,25.617610343125513,80.57017321023021,7.159374135148478,564.8027766840676,Cotton
60,62,32,16.943867924612967,82.25602080921689,8.090898628183643,636.4365754877502,Cotton
72,97,26,21.182876488323153,43.991929152728865,8.489340883211469,1178.6951011168785,Maize (Corn)
29,76,78,28.30707473360699,73.46403679696608,6.966594366839095,821.6942337852281,Cotton
99,54,28,15.077732568350399,47.41894592476067,7.3872574687135515,335.2002019199304,Soybean
128,88,27,31.98903606541424,71.70027397206275,6.666878662096794,471.51433486429755,Onion
50,32,43,38.232507986542,63.000700556372834,8.320229141426257,673.8967133822035,Cotton
112,77,33,33.010282437061996,54.07630353283031,5.455615328512936,759.9786676311618,Soybean
128,62,28,23.00075071013781,78.28719396537747,5.0069776125545955,705.8908393466678,Cotton
113,95,62,22.40281768173174,32.562416417900266,7.694530499381775,472.26949866375867,Rice
68,69,76,34.92093768571857,37.11217166018615,7.443878997469033,970.9469589194277,Maize (Corn)
68,77,20,21.014778059505307,90.84047325935984,5.236620650098774,1005.9796300256572,Cotton
52,53,58,27.3431297686912,30.448160488553608,7.4034275627381145,440.7624028886595,Cotton
132,35,29,23.935877406812047,44.741923792954324,5.06493481943106,403.9500874606656,Rice
127,53,24,36.64314606823538,80.18544093948698,7.329047607107217,760.2460613049913,Cotton
81,28,48,37.83727679102784,40.340979885864236,5.1092286391177115,817.8308771431945,Onion
82,56,30,37.55878023185771,55.365834052347765,5.24368556981123,949.6300624703192,Sugarcane
80,51,73,26.188254102049058,46.83913785968811,6.011356242763856,570.6397271632687,Rice
88,42,78,42.38429181354598,84.18355221812189,6.84655057521634,833.6833697019925,Soybean
83,97,44,35.625396239879706,71.4887475305525,7.405919219710894,1015.3270041348727,Sugarcane
120,88,32,32.104536035335926,35.11131093618586,5.418800187933389,745.118411211922,Onion
62,85,25,22.952819201888442,83.19409090435218,8.252800750184555,1023.8630959467973,Wheat
36,50,75,25.18541543772902,32.3401649538746,7.136802128186329,950.97348733892,Soybean
87,43,42,16.277943609575473,65.37737850642961,8.01675554039329,322.76283111430985,Soybean
54,85,27,26.138037999466263,62.758567452957465,8.329477327669764,902.11204424212,Rice
57,82,39,38.89147839916584,40.16026333200229,5.715727369188638,155.54761379148914,Sugarcane
125,91,37,31.153001318860376,42.611791873161465,5.676903304541324,352.95959266448693,Rice
116,31,62,30.56090106022321,47.82486323975391,8.280479494504766,1156.9869671891195,Onion
101,29,59,44.56285127831476,41.63246648942237,6.5728356701781845,362.3529256163429,Soybean
89,52,45,44.07652210684901,35.39431518247245,8.209314126353988,1026.021533850014,Onion
122,87,79,27.78559315653292,65.3740566630895,8.110398421773725,835.7151708668002,Wheat
96,48,69,26.322193547006627,80.85130697443199,7.8446037284484795,849.338850812169,Soybean
114,50,63,43.52430623641087,74.7944035970483,7.17073540973004,359.1504586092199,Onion
85,32,65,17.036605890248335,52.642052169243485,6.171044080029954,595.0323827228857,Cotton
131,83,70,25.26524314450814,32.60964622920338,7.62537143291005,657.7682055613086,Cotton
81,30,40,34.55821062238499,53.67543541725435,5.804615350505697,747.975603483239,Onion
133,83,54,43.53305249332482,63.55126145013918,7.1377636608007435,374.62551612230595,Onion
56,67,78,26.90278192169333,51.46017724304671,7.7648785972617596,587.0476335057031,Onion
80,71,43,38.820742150504216,86.6951189552669,7.966603441308805,193.4342062011353,Cotton
121,71,37,43.410844761538,94.90474384327923,7.486496835204498,335.3871072705068,Rice
27,68,62,18.65960547746296,73.89097083013547,5.527487836587874,222.10451676746527,Rice
92,52,21,39.00936713812011,92.10125457731621,5.740529259652824,283.63237138537966,Rice
110,55,62,44.00736033204188,44.92188169320087,8.048792308699333,518.0432622228362,Sugarcane
85,43,51,41.770457701661606,54.73993450038398,6.504575284831926,436.9656376899753,Soybean
126,80,35,41.955102670750335,63.068565477711644,6.417623495742264,1074.4587062545656,Rice
23,37,73,33.322300465591525,64.28938817731535,8.313971374700824,250.06236077286025,Soybean
34,96,33,30.592999070989066,49.23214187018266,5.184273759670939,757.1022686676391,Wheat
26,35,73,31.52516068692134,33.129631795407654,5.697008123672512,386.69879236603896,Onion
111,42,63,26.142316981025843,66.75625939798826,6.343772680072201,304.2579208701186,Maize (Corn)
69,74,20,20.761350604447546,35.556638072323,5.956393734545617,803.750552115978,Soybean
35,28,24,38.500424215493105,48.382196902117656,7.712657909771598,631.7626622001025,Maize (Corn)
36,63,54,42.3497148619677,42.3373326385798,7.977956972239307,220.15401519413174,Soybean
128,23,59,25.056983553542175,48.600660016030716,6.385554579887959,530.6854931118514,Maize (Corn)
137,32,40,29.590297147991404,83.20080906213525,7.672193774114601,976.1033005697187,Onion
77,42,51,27.519830328881945,86.86192047336368,6.40933910442491,865.7960736999773,Cotton
149,39,32,27.739468232465722,70.1551488159694,6.468925781981049,899.2966823559425,Cotton
38,98,74,34.00932558527336,39.09814428093911,8.294991738535797,203.54862918150994,Soybean
71,83,62,41.919849518772615,72.00150087541334,5.190589423089315,1006.0622671007287,Soybean
65,67,48,44.042266905012376,76.25119238839694,7.816989177970811,1193.635585131527,Maize (Corn)
91,31,55,37.649999011065034,54.92043453367831,8.384618249434192,891.0053360643437,Soybean
85,69,63,35.282181898577775,31.50460726067894,5.429015271121584,947.6362138463799,Cotton
142,27,39,24.44657469441845,88.49923883688976,8.353845654656089,818.9431562830151,Wheat
71,40,67,39.79596486749658,88.07733929283958,8.268813628115117,414.0419496912036,Maize (Corn)
60,23,73,21.268938763131032,77.66484753894765,6.838839094440179,938.4657346082753,Wheat
30,89,28,34.19056346022655,78.52690284491294,7.3802119404682,1019.9480288460122,Soybean
77,59,78,33.78224242740873,54.59311620214363,8.31227231704592,423.0343947833179,Wheat
41,99,61,40.496064305201585,64.85458352920924,6.550456093575866,919.9247444284091,Cotton
111,37,77,31.254981092881607,82.1681752925396,7.042821530984163,892.5080471448795,Onion
126,34,74,22.832496918770772,49.85645442242037,5.9986385038435195,166.2846757447245,Soybean
34,25,52,28.711068529180125,80.27398651670661,8.389387084008092,121.10901043533228,Sugarcane
20,22,77,25.848083771383415,91.12808188727917,7.918645065217643,385.91755204696113,Rice
37,69,27,28.806681499478053,86.12396955212913,5.287463159796946,1059.8233097677876,Soybean
122,93,41,44.49616859930201,38.613165578093174,7.414811464854118,408.1937560413279,Rice
125,41,69,24.38733365445122,44.42116845631466,7.586300829996656,380.9124748920278,Maize (Corn)
94,84,28,27.03526914533233,65.79028824273402,7.610212315190316,345.57907981397244,Sugarcane
54,66,60,16.424048320472973,48.182276541582794,6.5303063497189475,642.4746474578294,Wheat
122,67,76,21.867530713780305,75.37426087840709,8.030828210363245,530.3282349559644,Wheat
45,84,51,17.262839665707766,79.2834097692558,6.8939935495648355,75.98107961015577,Maize (Corn)
117,51,23,22.4349225795092,78.24759231060008,7.706573715744155,684.3708672973372,Maize (Corn)
61,27,62,20.30639438634671,81.84765677111996,6.0122138685603,335.60237233921856,Cotton
134,43,69,42.82746002867684,36.31653149117215,8.028058212531654,75.87096412121593,Cotton
121,72,61,15.827425819084905,70.0599752858817,7.827941748296576,415.61024131586646,Onion
139,88,69,43.10842414345926,36.985801577801176,6.090784860711574,142.53079919158938,Sugarcane
141,81,45,17.079225031645638,69.49853334014333,8.379925969905303,1182.5134695636525,Sugarcane
28,94,53,20.238303722660028,70.28764002082633,8.315817640956562,1108.0385571230377,Maize (Corn)
147,36,51,36.259161914509704,90.27577893705435,7.4203410572703525,274.91119629566083,Cotton
143,41,68,40.69947666488897,30.037265991284887,7.791509488773067,434.71330047698416,Cotton
77,80,32,41.36042419595728,60.94345859858143,6.067385702071855,735.9495877384651,Cotton
73,39,77,42.331996311631,81.03127862478777,6.937051190332223,1138.168526223164,Wheat
145,35,39,23.246925314105447,30.46989946337005,7.932005983558879,352.06075132086926,Onion
112,83,53,44.32611883005639,42.79855721392778,5.095024689943341,756.8744160788015,Maize (Corn)
145,97,75,23.03390019609754,79.30151895089585,6.721625465079066,343.66722492867723,Soybean
107,38,20,21.64606857184866,45.883987629942766,5.145747898393183,692.0505807489964,Wheat
117,27,73,33.75544083533276,36.81823898832576,7.70959677107348,342.19095943099165,Maize (Corn)
62,52,39,34.003154648566635,70.78047308115083,5.648802299314339,875.7525643728934,Maize (Corn)
49,90,35,37.33489222921307,38.32104949436297,6.623362134044566,833.6838296829083,Maize (Corn)
35,96,34,38.77333691181914,38.68817949433418,7.072369939171757,560.9996630332885,Rice
57,22,32,16.332496697205894,84.82451780787345,7.826430973464133,977.1254856212125,Soybean
91,66,74,31.679737104413885,58.42758324372845,5.6088438489488555,592.4255702869342,Maize (Corn)
42,69,76,37.60030728887926,36.876620889199046,7.726311936480009,216.29924429311274,Onion
85,63,46,40.58037241514508,30.420712814735477,7.211155441313481,79.96762146208157,Soybean
43,51,77,34.2724494961473,77.32802475925753,7.276633268396676,903.4893164306117,Sugarcane
134,58,78,31.961336385394,40.020854847722624,6.233319858947483,234.05803627256412,Sugarcane
51,79,55,39.48495209689132,31.554388841691342,6.039979325653743,190.38597286899275,Wheat
71,20,34,30.71482589045221,82.46081366627917,8.410903434457053,631.9189919163899,Soybean
126,54,40,38.71753918624957,53.33970479809805,5.837638778431854,738.3576552220338,Soybean
79,21,36,26.563327832888753,48.75216074987138,8.360997106910302,315.2507719826408,Onion
21,51,24,34.17257514753513,36.879709320025626,6.078730931860364,696.6319146202148,Wheat
56,72,50,43.90192955783371,91.11843854749117,7.123718891754502,145.1201778261642,Maize (Corn)
77,98,32,15.112587619724813,53.60576743786915,6.940237672426763,587.4852332180658,Sugarcane
81,76,64,38.8632396947651,86.34757471389098,5.849021491247793,829.8003970214817,Cotton
26,43,48,44.669800061931326,93.04334873661477,8.034330986272057,107.89755475960366,Onion
136,66,75,21.05627794586232,44.32473668892282,6.258951634356201,178.19720355656563,Rice
95,23,38,40.618388589176334,86.42885143302613,6.82511203770574,55.933089630349826,Maize (Corn)
98,44,49,24.036247292491616,39.569254996020724,6.924020663438366,100.45595633383432,Onion
134,55,40,38.62124006287032,30.402424511188126,7.401605935002113,572.3005381857903,Cotton
75,57,56,32.34091965862393,78.57267639119664,6.964546572875696,1109.6964147814087,Sugarcane
37,78,29,42.97655508210654,41.61462713569049,8.057220686361275,873.3671083376977,Sugarcane
133,90,23,33.37657762512568,91.75675796975204,6.939879094761988,785.0884691078543,Rice
29,53,36,17.373383532292937,61.1980590666014,5.210625295608828,161.9959100575522,Rice
126,74,79,43.93213042498343,87.55860049780739,7.519708549753264,124.47737276497209,Rice
48,60,55,28.035772664656918,56.799435238946145,6.766931448297825,577.2807965424073,Onion
103,34,41,22.862990967323007,94.08278885132864,5.680467786100565,96.4083505403423,Soybean
100,69,26,17.255039598617575,55.13067767397405,7.442441183460978,299.225977409756,Cotton
144,39,65,32.62965408168215,37.470389599678114,7.426602613036014,1022.1245341550979,Wheat
20,79,72,15.438485881450095,86.73722896379113,6.945003049624338,457.0964000363483,Maize (Corn)
96,27,70,20.16179739303049,93.73141223136932,7.529360459187764,1085.7765951016177,Rice
140,96,37,22.21697875095214,48.40210806499482,5.261442638830518,443.22227016991934,Onion
134,86,21,32.61831996303404,69.16132042277708,7.137639446827111,543.2637862326852,Cotton
129,61,40,38.48091243481742,82.02737734903243,5.899922996412689,72.09611086975023,Cotton
113,37,78,36.5815957458759,58.097977491227525,6.218913633315769,1007.4386789465102,Maize (Corn)
49,58,57,44.72832890834253,57.747047847435226,8.25861036538484,531.7389293120805,Maize (Corn)
51,99,65,36.227935355193786,44.81737651066092,7.238126013023789,143.49523973995952,Onion
62,52,63,37.46375812952651,62.094983272447294,6.472800139981369,180.81259761255134,Soybean
94,73,45,32.48225868124973,52.23211334216373,5.2016795091807415,780.4313904351126,Cotton
95,57,35,22.87121737331671,87.05962013647463,7.86111438711755,245.4437058323413,Soybean
132,76,61,16.61108894319619,91.47090346816944,5.70573231675844,599.1121435232682,Cotton
92,43,63,17.17229343868069,35.73857472471087,6.680987391518006,990.8023951361326,Wheat
91,75,38,36.047757381645674,38.353495810539656,8.017627145857553,271.8504543360901,Rice
126,35,20,21.6385757205747,89.82737380691415,7.608219658118098,397.6119781816447,Sugarcane
80,64,28,33.436205349784,52.13896340119172,8.013957249549028,629.5546650866505,Cotton
80,36,52,36.382589824659036,44.27311243046515,5.622241923718075,1074.4520524036159,Sugarcane
65,93,51,42.70623041012706,35.88727225660738,7.781914785946677,1122.3464000966505,Rice
40,54,37,20.783308835647176,76.13329639795549,5.318432877696924,819.7262957813958,Maize (Corn)
103,27,32,17.853106970073362,39.55868433392015,7.184999749596135,1047.3923172734387,Onion
112,80,65,17.143857824179204,85.57745726367801,8.284865144632121,249.2914122229288,Wheat
38,90,28,33.21659876210654,44.16486300370661,5.66054721129858,720.1349205682614,Maize (Corn)
49,32,38,23.30674331112637,82.96359397318477,5.398610672286412,1138.878380475722,Maize (Corn)
137,74,52,23.74401937818083,65.41493112376548,8.108578308071655,805.3878532767068,Rice
95,85,21,41.695940373542115,42.24678869711414,6.991240714707122,783.4940515699834,Maize (Corn)
131,48,50,22.2885063791429,66.83429959026526,8.322682865292283,509.0671761944014,Rice
144,45,69,31.93446283816532,40.10785516727969,5.490881584161724,100.34318879602894,Rice
140,60,46,22.02586398571498,89.39799477333653,7.600967816726067,838.388121622929,Rice
60,44,41,17.848038875805496,48.40820839543552,6.877415473458294,972.9253090678233,Onion
59,26,50,42.83513609789536,59.59098395150553,5.5019072689606965,1069.555649355705,Rice
115,23,25,39.34138853023691,46.76648321656232,6.51480452010107,790.9183021144217,Sugarcane
52,41,52,22.52557247580333,52.69454113452272,7.309519638852089,666.0981929979699,Onion
53,30,30,38.1832443993344,75.94376843189504,6.208346161903895,1114.3685275036469,Maize (Corn)
102,52,53,29.39916436912534,56.60638245659399,7.045097944927379,972.7903754566674,Rice
126,51,53,21.268891833111056,59.141688292957284,5.616126709820275,119.99136951524599,Sugarcane
145,98,61,22.743407832934214,58.05652942743199,5.458194554399541,101.99988069861737,Soybean
59,58,42,29.878334845397664,50.68973315965561,5.125910573087855,665.1136692984063,Rice
35,94,27,23.562567348533623,60.70122115196268,6.416617135463328,828.43407132941,Rice
84,51,34,22.138024788845875,51.432081018206404,6.67425950751128,530.9316495783066,Maize (Corn)
78,68,31,23.16805465095782,60.576219442154134,6.680176152260779,167.452516274809,Rice
84,28,38,38.83738896209883,82.10591912231106,7.238770061750973,1022.7729048659323,Rice
68,85,64,32.10695434465181,70.27104469301806,8.486762954511224,605.2046458859992,Wheat
62,97,24,39.2356615025022,34.21493643604976,7.742590898751978,1193.1746008409154,Wheat
149,70,58,23.04062906502672,44.638931530474004,7.379256774661523,729.2484099609209,Maize (Corn)
119,87,78,24.533863302491113,67.34847915456103,8.102721648518326,369.2660720395959,Wheat
131,98,40,25.880187206612252,60.045061353414226,8.010562303769357,85.76711280622425,Rice
141,50,63,32.78536955018407,70.45084361968279,5.652877652747524,1012.3233594197042,Cotton
114,76,63,29.805471258581054,71.12914187402927,6.845382637799112,995.1683240479825,Sugarcane
80,90,28,26.995676066900057,38.97574422530235,7.106062848877616,748.4803259733997,Sugarcane
70,84,46,29.42885538781018,51.2828016939209,8.37449957401158,1088.9729241944112,Onion
78,74,64,18.501760955251882,60.39108845091512,5.081471032521209,895.3514173514582,Cotton
33,87,43,40.90703305980124,70.10904523076226,7.174160383860048,354.16765902898373,Onion
94,61,24,23.163418730382347,52.53621523908238,6.996559586448077,1049.3721116718057,Soybean
73,62,20,23.172383263812936,42.0775676781052,7.806455446778207,763.5636794045082,Rice
68,78,60,17.441220861962815,59.43156578593549,8.10185754352544,50.04009049152948,Soybean
63,81,76,20.09364710911126,40.142797099038866,8.483722243678873,202.55446707092383,Cotton
57,81,76,41.66720414662822,73.33353312625837,6.496159451313666,122.85303500519537,Onion
52,83,71,32.065108864836915,36.492191919159325,7.309306060815997,79.57116748203765,Cotton
124,29,48,17.66671571821702,48.96883749622998,5.978604642535637,162.50533031686837,Cotton
134,80,40,35.36098182473702,55.298816470821436,7.051861656064119,822.0731953751157,Cotton
56,75,79,24.833999475605154,70.33450659532122,6.1503878567993855,145.13026765398652,Cotton
31,94,34,37.48459411945499,69.08302873130611,6.047471304211019,253.6563542036851,Sugarcane
86,47,51,20.17275610828115,59.684847438212174,7.571980459008535,1174.7233230533254,Cotton
86,51,30,29.218866275154873,30.80321219343227,7.7357381496545,89.63917849176246,Cotton
39,25,23,16.84660308366682,81.76116496444571,7.80632682563856,983.8138506702516,Cotton
110,70,34,27.15112885567754,73.02490094048093,6.409983782497523,921.9524262593404,Onion
32,38,44,25.77429211082314,93.45330258688583,5.712926403924408,267.6589029481711,Soybean
93,54,27,31.3693148868465,70.54590782572421,6.115235677979324,805.6479953703663,Rice
120,38,62,42.43013261333056,90.92865721382033,5.008789718209176,111.62625229365048,Wheat
81,62,63,25.395865045875283,35.18893769293355,5.393498767920288,183.63907355086724,Maize (Corn)
92,32,65,27.892745937707183,84.93399572190198,5.617676560516369,446.9316946021232,Cotton
101,70,29,26.035803444965715,63.34983469144308,7.3185147129504,480.60821132670173,Soybean
62,22,49,27.235268020596855,50.563387506376614,6.703411561790115,901.6825339829347,Rice
77,25,55,25.335916715750567,35.79401283576799,7.043351115439176,125.35161903369716,Wheat
58,86,73,17.423789288227272,76.52664549713528,7.23708768435686,1171.5056209178172,Wheat
69,71,28,39.955320436841475,55.28057533676134,6.2212850668995845,750.3860725418028,Cotton
107,36,62,22.738840429432734,91.61394965784339,6.672383660354971,1058.2213843609416,Cotton
46,39,39,25.200878391478085,88.87757480330205,6.672210838021405,1125.7531593965014,Wheat
43,28,53,26.151501770712876,72.78000298538777,5.136295863921799,1000.6099834348215,Cotton
80,32,51,35.53060851011976,79.40561902639826,7.657084533377491,901.7120554621276,Wheat
123,96,40,28.251436832862105,52.91036041751087,7.348983940044631,419.78423926865975,Rice
27,63,47,16.27291967843727,46.413921782226296,5.80786807084711,317.0976530900264,Rice
35,98,75,31.305854611863808,77.72764528654375,6.272348854686057,937.4086526945232,Rice
34,94,40,19.32961138618493,41.03448150657121,6.362233022611864,784.952915718337,Sugarcane
110,33,22,34.79644269248621,89.55175628493998,6.706346097521956,76.83914752827307,Soybean
29,99,53,23.71614226836954,79.10005743845187,7.102998073203462,997.1179321153517,Soybean
68,73,31,21.837204984862424,63.12675431671307,5.634957194412143,139.66995720408585,Cotton
131,77,71,28.27305123947952,53.82904339876697,8.227678995821872,276.53107774251976,Soybean
60,73,25,39.581918212094365,34.98298670518517,7.282971395220504,368.1659639530879,Soybean
57,52,23,17.303116910374698,71.97538693861534,5.157170489292646,154.36450436779526,Soybean
64,54,57,17.06813933995438,91.4453588276947,7.461695439631786,597.8217136788758,Cotton
111,38,28,44.09958945760905,81.78806984607797,7.465640564589471,50.67553130278796,Rice
51,66,38,43.888135554923224,35.59225714242754,6.670774468356077,732.1547450098376,Onion
116,21,28,19.948543698809686,43.331156166457546,8.438685850758482,327.34670365767386,Rice
149,50,49,25.454396199889345,89.29039129294335,5.482453780001575,841.3879620627218,Sugarcane
42,85,33,33.485983996863865,31.374634816769724,5.8225321830341406,885.9486241490553,Sugarcane
137,43,26,20.89215462181275,44.76962027205224,5.270138401569911,1145.086692353631,Onion
128,30,67,44.94309142666006,47.457215692600606,5.996601815274817,489.1178434733039,Rice
75,62,27,42.74344517109313,73.7638539794439,7.173598526177315,1062.34243572903,Soybean
68,73,36,37.766660972977405,94.66421943451147,7.682750915369,215.64422376544908,Cotton
138,53,73,27.360960166081696,71.10024343782767,5.611769536183819,524.5996575749647,Onion
146,41,71,15.832209979004976,80.53640121078978,6.426867957998393,1162.8148297304413,Onion
58,29,28,23.737357642678916,61.343733725633555,6.724496757066541,671.4696548719025,Wheat
60,20,77,43.24082516565874,75.76701231699892,7.204788157735131,1116.3563894602232,Soybean
134,55,59,16.36213093143297,35.395335539197006,7.361079244571232,313.36341906279955,Wheat
25,99,39,30.168696965395878,81.34581762218858,8.051465430918094,416.7279922884607,Sugarcane
120,98,42,38.12125665604952,64.61788457288665,7.523199698920472,393.37817985286176,Maize (Corn)
139,58,64,15.63648480796381,40.283093137325906,7.6875217440529635,294.40826790236656,Sugarcane
105,76,61,25.245583452004887,70.48841964931322,8.168211277744632,954.9731959757685,Rice
134,59,57,23.94423573882335,59.96523893362088,7.556069822717378,239.70269585950203,Sugarcane
131,65,24,21.63961510674626,30.85273072973478,6.915775002381699,980.2962485588223,Rice
105,55,24,30.514498017906348,35.29853492444468,6.308965484191008,930.8305793625428,Onion
130,26,50,27.39677654025079,85.04060078530395,7.285287798353077,525.1414359300234,Onion
22,62,56,27.766212138309232,62.37497596306512,8.135461286525171,343.613502646966,Rice
85,30,37,37.682793818573245,56.398790639086094,8.294379809661299,197.29548795891702,Wheat
140,26,71,20.375577989775252,35.518359223895814,6.000098159302235,176.06197442937741,Soybean
104,57,59,42.3579406767234,71.09818812764108,6.714857688178641,85.6233865357392,Wheat
36,54,36,37.30731543900116,36.485543013027026,6.697148614728801,808.3741035401964,Cotton
44,56,59,19.018443864939396,51.43449710028271,7.202431384309736,1179.0690779099696,Soybean
122,94,48,18.89168454211873,38.55376695233076,5.773104588133304,920.9916830918247,Sugarcane
103,98,27,29.503969361036887,91.08609564994606,6.7795684230498345,80.15686794192757,Cotton
112,70,26,43.87174354942191,70.59838070646558,5.429440602914181,678.2190899414463,Sugarcane
42,94,56,27.296731064434574,65.12035941624418,8.471419151073375,1048.911382937214,Rice
130,78,69,40.5759855305155,32.754571658649844,6.510559930114932,137.04833049903345,Sugarcane
112,48,59,39.5631672615211,72.58997254565472,5.018323270316755,209.21834067568125,Onion
60,95,41,16.010928776106994,36.89309089806953,7.9983936741490815,1025.6858197176412,Maize (Corn)
52,67,66,44.109964177982334,70.17499720537066,5.822852083918393,1172.7887842253665,Onion
139,73,26,35.109320914061975,52.96630634828844,5.1304709559749115,1195.3855257093862,Soybean
32,60,48,41.62861159849204,62.18999845318071,6.462229196741027,574.3920319825652,Sugarcane
139,79,77,17.21634997984261,61.243790729642086,7.978197520493695,921.4734084749828,Soybean
75,53,40,28.971348896483445,80.25074758333153,5.955375828560205,894.5991498456842,Maize (Corn)
33,40,55,15.688438003887407,67.33867352378923,7.122265345677353,658.1821899194662,Cotton
45,71,51,41.50183156006441,62.374985657964885,8.23438818621225,1194.0954134766048,Cotton
50,50,43,33.9831429342767,36.61886171759416,5.143273143824671,179.63712717408467,Maize (Corn)
39,65,72,21.61429969570701,73.9662719041379,7.956003632478726,950.1120345098481,Onion
78,49,38,29.811565690588836,88.58345634495146,6.447688735804029,385.5104557569719,Wheat
59,23,76,18.821752682768633,75.38340765526644,6.299979757986685,181.77550298228059,Soybean
24,69,41,17.05085111690061,46.288165804897375,6.503612536797733,522.6527270090096,Maize (Corn)
89,35,55,40.41248138162174,87.59159959187753,7.144639880699192,359.2667402083393,Wheat
95,76,28,33.71546471925274,60.79699600336924,6.316602934723747,241.53622076703283,Soybean
84,90,49,18.722189225449274,92.17801784126868,6.248546144412016,79.21966797125722,Rice
109,29,65,37.14964538541834,52.789467293509475,6.104526498727926,621.5201414156929,Onion
118,21,60,16.640461623912078,48.266266104261476,7.390062747994673,1070.2848042345995,Sugarcane
139,31,75,25.17934218980165,82.03042622325148,6.634454858156548,651.1232839683958,Soybean
130,58,31,16.57943471396189,40.72955291234824,5.895478290262221,717.9898550620403,Onion
106,58,46,23.21932516838892,81.15017216687814,5.691669127226756,412.26015947908485,Onion
22,41,53,31.768234906575813,89.9305116116104,5.658131151403307,1140.7986895313625,Maize (Corn)
66,78,50,35.80002368695209,60.189863163557284,7.177524083365245,412.7873643199043,Onion
111,21,31,40.173457556853606,72.7772122468146,6.347033224189751,1197.7978505183744,Cotton
55,50,56,20.581618412624007,31.94530252068973,8.122454259264202,246.56097597188912,Wheat
58,75,53,26.045257365580547,41.71411566925124,5.6568999437842145,78.65033297936424,Cotton
45,56,79,20.919893668657117,72.36784240531196,5.697169916517892,980.3072239613457,Wheat
39,23,44,42.9512788863149,75.12033544314926,6.976669290479556,998.5184125237296,Cotton
39,48,48,43.112473154823306,73.62385265315388,6.195153598969228,904.2541717872649,Wheat
126,78,20,17.48097901940522,58.020746007679435,6.8831282324459035,1108.38360523032,Soybean
122,64,61,34.39365521081301,72.26330893872932,6.7747979145021,683.2591293247164,Onion
137,93,26,19.89696846320564,46.19626941787432,8.252680495449464,111.698642868202,Onion
111,80,21,43.77878431704497,40.19709608781698,5.702648938797177,738.6718417197325,Rice
48,35,60,16.683706234996187,42.73172417167194,6.739882565058362,519.8098956826084,Onion
140,60,43,29.875023713519784,63.90749496058399,6.165875987947736,943.4814258408427,Onion
77,85,71,24.808612135734453,66.15292244025117,6.385748970679984,141.7992455562112,Rice
98,69,30,29.607287280291494,84.13533605369418,6.7072377933057075,923.7130512952049,Maize (Corn)
136,75,25,22.59072629404299,78.8064091028954,7.90545352684574,923.8390543632555,Soybean
51,30,74,17.25908026332536,70.22495641376209,6.8381457427046,227.66242823836532,Rice
83,58,45,23.622964765901365,52.23467895071632,6.376527940809251,509.6662778112094,Rice
114,52,70,38.96034909304381,72.75875190767769,6.212835826835582,133.86125795797386,Maize (Corn)
112,42,31,41.19988665756744,88.11334642446407,6.97071845775158,167.8663909571901,Onion
108,29,52,16.939419060162717,64.50116029561882,7.412222665989599,487.0132991612323,Soybean
145,81,53,27.584907076482118,64.30938845684366,7.6364778279078145,1193.048832851366,Wheat
60,94,73,18.00835225843054,61.293779943170506,8.401972830917138,1099.7141902751512,Wheat
23,97,41,27.763144760966952,34.90179346386918,7.173332591245842,970.5032292556683,Cotton
145,41,77,34.13912816431782,32.146208734795366,6.322559888674574,275.4325777491347,Onion
103,85,73,44.34486078884902,89.33310319847112,7.476020679299326,271.05893641183707,Sugarcane
48,44,67,40.06034465142254,35.868321156335455,7.064102357429487,178.94602050751007,Wheat
76,47,50,29.232174251608484,61.91834111336198,6.02227937982507,921.719613367151,Wheat
77,27,52,32.68615188383545,34.613450683581284,8.055499183884148,522.7762344375899,Cotton
55,77,52,36.33470492241763,62.62570933970542,7.3542486056577445,992.5699849780651,Rice
113,86,37,25.86945163435722,69.91261540593304,7.049033263313534,578.6508401563387,Cotton
72,98,62,36.54458922087615,92.65142170039098,5.422635894657361,1121.335541697974,Sugarcane
106,90,52,33.67827065017696,42.53176694606439,7.468010231724509,328.922068955323,Cotton
97,37,37,29.067679144086302,51.71735965621579,5.803608321713217,1041.4954816828806,Maize (Corn)
34,32,31,44.684338571221424,71.48006723381616,5.680838334909039,159.33867345610284,Wheat
29,31,55,29.975866605840352,93.64497747613237,7.508907350499573,1149.082258500086,Maize (Corn)
118,56,27,37.37159126230469,92.72906844960045,7.801215162334011,1083.9208528478357,Sugarcane
73,75,76,38.656125860799946,41.14976810511805,8.269072324645423,1002.415558338574,Rice
59,26,26,16.48542289456921,67.53362778818052,8.36284236286,961.5308286883994,Wheat
64,58,70,19.381320283350107,32.812704240731286,5.983146540554705,458.1582263032438,Cotton
139,72,30,42.47794944225822,68.78504733392421,6.985258331185373,1156.2657870319947,Wheat
64,72,47,28.238580172903138,81.32501761722853,8.125036784891764,956.2860214361691,Cotton
97,39,56,16.33808148156383,74.74887366869153,5.395007970226967,189.5612419052426,Wheat
54,32,29,17.35017782372923,71.37450895351544,7.417215527190668,1038.5005236426678,Onion
141,31,69,23.125453203414132,38.31291871796101,6.075074124651559,55.1011377983323,Onion
106,62,35,31.27379907257264,60.06391629676922,6.932768548764437,1150.4467606339201,Rice
88,87,28,15.244114888453687,32.78095799897253,6.71726948186077,255.82765725184728,Sugarcane
45,51,44,28.50469182591123,90.70998981865415,6.325422783780882,1147.8499167662408,Wheat
140,93,23,27.568731068574753,72.13134078034248,5.993694507654679,996.9646197985564,Sugarcane
35,46,26,27.926844875282644,72.25628017895735,5.05194907125934,105.4121423711911,Rice
140,29,68,33.86441366435542,62.637412085132596,5.518800564118419,973.1449621864795,Onion
58,77,43,26.862316757518812,38.22609998818565,7.375640077027654,1145.4803672157882,Cotton
91,63,75,20.086561852901074,89.71960747978446,8.08877784218235,431.84789710158134,Cotton
67,62,59,39.67142678727082,93.95571288345263,5.8914251151295645,993.2055379795681,Rice
149,20,29,18.219945667590206,34.1918531625094,7.189635126770234,1101.0369348109334,Cotton
113,50,77,16.68810991592667,81.15838906530144,6.54937650460084,923.472520185834,Sugarcane
136,91,72,16.944323303932244,92.8957824512365,6.259542755407805,112.77075584574457,Cotton
45,62,29,27.303583194549212,46.52160820063433,5.864037205023818,84.31993459015635,Onion
87,72,50,18.597112359668827,79.49948226698561,5.620368645152207,82.95981401791624,Maize (Corn)
24,77,25,37.33134919722021,81.48516838389394,8.399408833730718,1135.3053084407816,Sugarcane
78,89,78,37.874691945156485,71.62663553210928,6.724302351611067,1187.0004855991551,Cotton
36,57,56,33.69145076678035,91.96750793468792,7.647737730865439,447.4104710238201,Cotton
114,89,39,34.504546303728105,60.69508918754012,6.777230236223725,94.77925475654749,Rice
51,37,45,28.8529916977224,44.58338835803369,6.4175715068109485,1003.3824393414973,Wheat
78,48,54,35.965442762422356,83.61673400540185,6.40616549777288,918.6922501173053,Maize (Corn)
30,95,59,39.794857548786865,43.4879250701959,8.253652851443269,1020.749559717966,Sugarcane
46,46,34,31.401920594572037,77.6746361359952,6.029246390006789,436.15899016255753,Rice
23,85,57,38.597437681503564,59.42778344019861,7.11862878929036,1059.4323772084263,Onion
72,83,56,37.39415774413504,76.33667770653072,5.15872098088525,569.9438596050551,Maize (Corn)
67,67,39,27.32181802525691,94.28148513056199,6.771338413200448,691.06707162477,Maize (Corn)
103,72,49,43.422113436543455,66.4581280363791,5.507762492423156,103.6763437615183,Wheat
91,34,53,30.194100027017793,50.54850964358106,6.002225253258743,565.4414961679638,Sugarcane
63,60,39,41.26817476143047,81.720922287682,5.280914604062739,340.6275042961254,Maize (Corn)
75,77,78,41.45431240973376,37.74300953308083,5.819135506273638,1041.751152371015,Wheat
59,34,27,30.59790883347756,77.61914392908042,8.18986412312348,195.3952137737399,Wheat
84,88,54,35.466533979996655,79.62529813947945,6.761983671665231,778.6165894161101,Soybean
144,75,79,15.246700172118183,52.039804100540884,7.45576963648354,1043.0920283902929,Soybean
49,39,67,34.3367614999069,36.584170651952874,7.519493503481328,753.0656243380755,Onion
52,26,33,39.32778865008012,84.87730575930556,8.474709686440274,921.775186329834,Onion
95,93,40,40.65432908461879,94.89467446995563,7.347141156238507,566.8058945257563,Wheat
49,26,57,27.5003124360055,46.82245092133874,6.6780018777795025,256.06138713871945,Cotton
111,75,54,25.46623317665109,46.55841497470614,5.30641298076461,539.7563007854571,Soybean
134,21,74,22.595477615074692,36.296654880457844,5.974183623311314,167.5618679674501,Wheat
119,73,26,30.055255214245765,47.78874121317803,6.007677738624109,711.6779025776539,Rice
50,47,31,33.10786619455577,73.85508022193449,6.374624841068108,169.39380940663392,Rice
61,62,74,25.757645952950174,89.24401265703551,5.962631509812458,740.2329260367184,Cotton
31,85,36,33.66949064554987,73.9595510378641,6.171640467585258,476.8137412564363,Maize (Corn)
119,69,64,22.892021137490097,89.52800573784427,8.183557060752367,745.1300009628923,Wheat
119,20,47,34.141440478858634,71.37584162973275,6.781796348252708,497.050273499611,Rice
118,38,64,33.390112244120566,52.125408213074984,5.144889659367457,219.01854408966423,Onion
66,34,55,15.974084211100246,30.393709796282952,6.988614814510873,1007.7694768764628,Onion
68,59,55,34.919620674270256,69.0554453389226,8.458072128149809,181.49171599399662,Soybean
108,65,25,30.606729803508017,48.338176053391535,7.512055166299959,1092.0538088629562,Soybean
144,77,44,38.76793762903136,56.38703817023388,5.555578502538111,514.1453068508131,Cotton
107,36,66,44.45432753851178,90.01009170987206,6.386138311983045,224.84820099986845,Soybean
57,60,77,32.72968211145695,67.94021992361401,8.37760569833805,310.52516774037724,Onion
73,62,63,42.92349014280822,46.66743426150225,5.144192958391142,686.5498818391859,Cotton
100,93,42,26.83603024081216,42.92876906517543,5.428676704121713,1017.732214671057,Onion
111,38,23,16.4281742998981,35.45389938530448,6.463942747056905,747.4406749985409,Wheat
23,33,75,24.311898199655495,44.93989799361795,7.216116016723117,594.6784138996123,Soybean
60,88,74,29.70178902567575,46.71294324942558,6.976095458583387,283.99677162911166,Onion
143,72,39,21.600840743437452,84.8208761492443,5.359687638051951,691.1540450767069,Soybean
113,90,62,32.10078967363015,42.38896134863086,6.631016675715678,452.298897424699,Cotton
24,81,27,20.158436449906308,58.845839356878464,6.236465071897683,795.4256668384037,Cotton
35,45,54,21.371858171950837,94.9418517382928,6.178195535066882,1036.1999629466363,Onion
26,68,52,41.30982787703106,33.95177018076523,8.252550337135357,319.0725523073948,Rice
70,61,71,35.15188315113333,56.77843961031929,8.00998953096619,1017.2345909329101,Rice
118,32,27,18.43189264784956,63.404964859371034,7.024535577813114,694.9309957981818,Rice
27,88,31,32.55992791344404,47.453393927967596,6.11368533291792,837.7465840275977,Maize (Corn)
61,26,21,15.672560031956495,54.160027192636676,7.139524234464641,684.2701535516172,Rice
86,87,47,18.770212340421637,67.27681153586693,7.341012883377821,934.9151031108485,Wheat
85,90,28,38.01252652218298,57.01992800433718,8.090604355636044,1148.7508471337103,Wheat
142,75,30,31.732623784050382,88.71660102583076,5.949213209836284,900.9575025394093,Rice
56,69,73,38.548844110563195,63.77758635061076,7.614039106779,684.2658845312843,Maize (Corn)
127,74,22,40.06535458604267,92.34578115278964,5.893812218161667,1096.4171729448494,Sugarcane
50,79,52,36.98705289991874,41.96413101446514,7.616353977157278,325.3811737715704,Wheat
49,39,54,41.90823021164631,63.64352423605721,6.032148835427238,456.70998484842545,Maize (Corn)
129,47,60,15.547104549612763,61.753550602531135,8.430316827033726,613.092773592977,Cotton
101,29,70,28.299452153557855,76.89553132330624,5.635024805228601,516.154664478981,Maize (Corn)
44,88,70,21.27215727515579,50.22242877030728,7.6983563728464794,490.42937879890184,Sugarcane
79,42,50,26.141214616199264,46.19877973412619,8.492768390676478,704.0760730184811,Onion
130,67,35,37.48511069547925,58.00894548710961,6.860733020849134,1118.9274321769965,Soybean
81,57,48,16.25287900049435,75.07219432678605,8.131178502074496,1001.6921270634969,Soybean
110,88,23,17.743320305861843,67.41213270983417,7.5530397830073355,871.4497517314004,Sugarcane
149,72,70,22.830235678248336,72.94745268233854,5.211798153094617,445.19591907245615,Rice
105,41,23,25.816467261999634,55.18212078011375,5.618988933837387,909.7638557126846,Wheat
40,69,33,18.08484636005692,78.85125955416991,5.328986396723229,279.06289080025294,Soybean
127,86,53,17.12677013268129,82.74658768557508,7.179948202929694,915.7524939326987,Rice
128,53,21,28.201616387018777,70.25729869351122,8.366257149895345,584.3147065405137,Wheat
104,87,75,25.54731458158237,78.52882376741456,7.4230609616435,605.6037238287491,Sugarcane
35,42,24,37.54085014275594,84.89570562378557,6.64234654786066,585.5068292047787,Onion
107,34,53,41.30326139461766,92.03560326627118,5.039891733342805,177.64156306003832,Sugarcane
89,75,37,40.514436372978345,70.22467438470443,5.08031502421917,517.5884825513442,Onion
116,76,42,30.97057405645678,51.49376066962246,6.19885657413968,93.28492911050554,Cotton
123,57,45,31.11825703236596,84.51873779340444,8.133818406159897,389.26718876165205,Cotton
63,86,59,41.62455952649012,74.30336330189562,7.622539953876762,421.66862382555723,Cotton
93,87,39,34.697151144696846,39.14455301217671,8.252611235672536,188.50815466464297,Wheat
23,32,73,43.623821431673335,88.28224529468694,8.261646020512663,792.809349138652,Wheat
124,63,72,24.60678510575533,82.57298066407657,7.627431935908188,967.4849180737738,Wheat
137,63,66,34.23157651784169,45.59857767041569,5.875043604775471,746.4462218529227,Wheat
54,96,23,28.82046044207101,36.596641572457614,6.830255916726816,1055.4065981057365,Maize (Corn)
102,75,35,15.714021259062998,65.47283015908091,8.283202443059071,989.0506895311959,Wheat
62,85,20,23.892172195521088,91.53273447580037,7.455278679451846,738.3832381962127,Sugarcane
102,41,25,38.089413627363385,87.99604458176998,6.504713556337289,962.9697307735214,Cotton
144,43,32,36.66714468600413,44.54201582680142,5.9260673029256825,1011.2127346163792,Onion
109,33,27,28.28216031197713,86.79413184714898,7.929043712862091,904.6524703582533,Soybean
132,28,59,26.4051057956167,71.68598132689658,7.282599745791714,934.3884401496491,Wheat
35,40,77,41.49043586849655,81.43161976348796,7.700649810521919,375.1766059439473,Cotton
136,81,67,34.67667690153296,70.1215219076619,5.615796027742996,1153.4960505010997,Wheat
93,98,61,19.58729693368724,78.43190435161443,8.309947397885633,79.87038040216241,Cotton
39,82,21,20.505913045505228,38.63014838562532,7.657105716892011,678.4249711869322,Maize (Corn)
88,29,33,33.05686683828071,33.48089075778736,7.5660125241678635,295.9301385966505,Onion
38,71,37,26.98224804618932,47.34907160665952,8.007923289107008,1127.874579175181,Sugarcane
48,80,43,42.54981155825868,39.098966127688904,8.156790625629261,138.23051001579847,Rice
97,31,58,44.06297230804971,45.90835282547102,8.12290126022631,165.28245466731119,Onion
133,41,68,44.43733344917575,75.10364803043551,7.089302870194976,737.3909994575255,Maize (Corn)
27,24,28,15.54245075630394,47.33961188834831,6.913955208193296,687.1753899686508,Wheat
122,72,49,33.65026538433383,63.96567927276304,7.326567271492445,596.7419132518886,Rice
113,35,70,31.50189249899328,84.70482857482162,7.865907817219764,644.05843756108,Sugarcane
122,63,29,17.408905630777365,82.86512466579775,6.0760764499174185,673.3035809078601,Cotton
53,83,69,31.201085026988018,59.82248138394867,6.60101776813708,985.9973572221271,Sugarcane
33,58,54,40.8354574211553,91.12378047880293,5.395510610388854,1110.211025241465,Rice
121,91,76,31.86838360771216,87.5782244848629,6.6109639006201775,461.74502039180766,Cotton
64,91,29,27.212621983801757,89.86983860671285,5.936649281141819,137.1398255851504,Onion
23,79,29,41.08562852594217,33.036384755407795,8.35843965239842,264.03606147207415,Sugarcane
87,83,77,33.48766211594834,38.180108948270586,7.72640957915484,916.1334350787463,Rice
132,40,62,42.891757608729876,40.05628912327922,7.587239404079789,473.3582666202282,Rice
111,57,43,31.744595415781603,65.2966652329554,7.78413259238029,849.154776796364,Cotton
